{"stats":{"minecraft:mined":{"minecraft:spruce_planks":3,"rogcontinued:whiteironchunkore":1,"minecraft:brewing_stand":1,"minecraft:chest":1,"minecraft:oak_planks":1,"minecraft:sandstone":1,"minecraft:hay_block":2,"minecraft:coarse_dirt":1,"rogcontinued:ironchunkore":2,"minecraft:packed_mud":1,"minecraft:oak_log":1,"rogcontinued:crystalchunkore":4,"minecraft:sand":7,"minecraft:cobweb":23,"minecraft:stone":14,"minecraft:tripwire":15},"minecraft:dropped":{"minecraft:coarse_dirt":1,"minecraft:wheat":2,"minecraft:beetroot":2,"minecraft:white_carpet":5,"minecraft:rotten_flesh":2,"minecraft:poppy":2,"minecraft:packed_mud":2,"minecraft:hay_block":1,"minecraft:dead_bush":1,"minecraft:sandstone":1,"minecraft:sand":12},"minecraft:picked_up":{"rogcontinued:ironchunk":2,"simplehats:apple":1,"minecraft:coarse_dirt":1,"simplehats:crabonhead":1,"minecraft:flower_pot":2,"minecraft:leather":4,"minecraft:packed_mud":2,"minecraft:oak_log":1,"minecraft:brewing_stand":1,"minecraft:string":38,"simplehats:hatbag_epic":1,"minecraft:purple_carpet":4,"minecraft:white_carpet":5,"minecraft:beetroot":4,"rogcontinued:crystalchunk":4,"minecraft:spruce_planks":3,"minecraft:beef":4,"simplehats:hatbag_uncommon":1,"rogcontinued:borealwolfsmilktooth":1,"minecraft:poppy":4,"minecraft:rabbit":1,"minecraft:chest":1,"minecraft:oak_planks":1,"minecraft:sandstone":1,"epicfight:skillbook":1,"minecraft:sand":12,"minecraft:dead_bush":2,"minecraft:spider_eye":1,"minecraft:lime_carpet":4,"minecraft:cactus":2,"minecraft:rotten_flesh":4,"rogcontinued:whiteironchunk":1,"minecraft:hay_block":3,"minecraft:glow_berries":1,"minecraft:cobblestone":14},"minecraft:custom":{"minecraft:interact_with_anvil":2,"minecraft:mob_kills":8,"minecraft:animals_bred":1,"minecraft:traded_with_villager":1,"minecraft:interact_with_crafting_table":12,"minecraft:damage_dealt_resisted":11,"minecraft:interact_with_grindstone":1,"minecraft:leave_game":3,"minecraft:sleep_in_bed":2,"minecraft:time_since_death":171985,"minecraft:climb_one_cm":28019,"minecraft:time_since_rest":103278,"minecraft:sprint_one_cm":650219,"minecraft:damage_taken":789,"minecraft:walk_one_cm":535391,"minecraft:drop":14,"minecraft:damage_dealt":1436,"minecraft:damage_dealt_absorbed":20,"minecraft:swim_one_cm":13045,"minecraft:talked_to_villager":2,"minecraft:fly_one_cm":412721,"minecraft:open_chest":78,"minecraft:crouch_one_cm":9026,"minecraft:play_time":210906,"tombstone:undead_killed":3,"minecraft:deaths":1,"minecraft:sneak_time":1970,"minecraft:walk_under_water_one_cm":1426,"minecraft:jump":866,"minecraft:walk_on_water_one_cm":5994,"minecraft:total_world_time":210906,"minecraft:fall_one_cm":21625},"minecraft:crafted":{"jet_and_elias_armors:the_dames_armor_chestplate":1,"minecraft:oak_planks":4,"sophisticatedbackpacks:backpack":1,"sophisticatedbackpacks:gold_backpack":1,"minecraft:heavy_weighted_pressure_plate":4,"minecraft:bread":68,"minecraft:purple_dye":3,"minecraft:emerald_block":6,"minecraft:iron_leggings":1,"rogcontinued:stonesword":2,"sophisticatedbackpacks:iron_backpack":1,"minecraft:wheat":126},"minecraft:killed":{"minecraft:husk":1,"minecraft:rabbit":1,"minecraft:spider":1,"minecraft:zombie":2,"touhou_little_maid:fairy":1,"minecraft:cow":2},"minecraft:used":{"epicfight:skillbook":1,"minecraft:iron_shovel":8,"minecraft:oak_planks":1,"minecraft:spruce_planks":1,"minecraft:iron_sword":54,"touhou_little_maid:smart_slab_init":1,"jet_and_elias_armors:the_dames_armor_chestplate":1,"minecraft:bread":30,"minecraft:iron_axe":9,"minecraft:string":1,"minecraft:iron_pickaxe":28,"touhou_little_maid:smart_slab_has_maid":2,"minecraft:cobblestone":3,"rogcontinued:stonesword":7,"minecraft:iron_leggings":1,"minecraft:cobweb":19}},"DataVersion":3465}