{
  "takesapillage:root": {
    "criteria": {
      "always": "2024-06-13 19:56:18 +0000"
    },
    "done": true
  },
  "minecraft:recipes/decorations/crafting_table": {
    "criteria": {
      "unlock_right_away": "2024-06-13 19:56:18 +0000"
    },
    "done": true
  },
  "touhou_little_maid:grant_book_on_first_join": {
    "criteria": {
      "tick": "2024-06-13 19:56:18 +0000"
    },
    "done": true
  },
  "mowziesmobs:root": {
    "criteria": {
      "custom_test_name": "2024-06-13 19:56:18 +0000"
    },
    "done": true
  },
  "rogcontinued:rogadvancement": {
    "criteria": {
      "rogadvancement": "2024-06-13 19:56:18 +0000"
    },
    "done": true
  },
  "touhou_little_maid:give_smart_slab": {
    "criteria": {
      "tick": "2024-06-13 19:56:18 +0000"
    },
    "done": true
  },
  "minecraft:adventure/adventuring_time": {
    "criteria": {
      "minecraft:sparse_jungle": "2024-06-13 19:56:21 +0000",
      "minecraft:river": "2024-06-13 20:54:24 +0000",
      "minecraft:desert": "2024-06-13 19:57:55 +0000",
      "minecraft:savanna": "2024-06-13 22:49:11 +0000"
    },
    "done": false
  },
  "tombstone:adventure/root": {
    "criteria": {
      "auto": "2024-06-13 19:56:21 +0000"
    },
    "done": true
  },
  "mca:root": {
    "criteria": {
      "village_desert": "2024-06-13 19:57:55 +0000"
    },
    "done": true
  },
  "tombstone:adventure/first_grave": {
    "criteria": {
      "coded_trigger": "2024-06-13 20:08:57 +0000"
    },
    "done": true
  },
  "tombstone:recipes/from_grave_key": {
    "criteria": {
      "has_ingredient": "2024-06-13 20:29:09 +0000"
    },
    "done": true
  },
  "minecraft:recipes/decorations/ladder": {
    "criteria": {
      "has_stick": "2024-06-13 20:29:41 +0000"
    },
    "done": true
  },
  "minecraft:recipes/tools/wooden_axe": {
    "criteria": {
      "has_stick": "2024-06-13 20:29:41 +0000"
    },
    "done": true
  },
  "minecraft:recipes/building_blocks/bricks": {
    "criteria": {
      "has_brick": "2024-06-13 20:29:41 +0000"
    },
    "done": true
  },
  "swem:recipes/misc/pasture_fence_spruce": {
    "criteria": {
      "has_stick": "2024-06-13 20:29:41 +0000"
    },
    "done": true
  },
  "swem:recipes/misc/western_fence_acacia": {
    "criteria": {
      "has_stick": "2024-06-13 20:29:41 +0000"
    },
    "done": true
  },
  "swem:recipes/misc/western_fence_jungle": {
    "criteria": {
      "has_stick": "2024-06-13 20:29:41 +0000"
    },
    "done": true
  },
  "swem:recipes/misc/pasture_fence_oak": {
    "criteria": {
      "has_stick": "2024-06-13 20:29:41 +0000"
    },
    "done": true
  },
  "minecraft:recipes/food/bread": {
    "criteria": {
      "has_wheat": "2024-06-13 20:29:41 +0000"
    },
    "done": true
  },
  "swem:recipes/misc/pasture_fence_birch": {
    "criteria": {
      "has_stick": "2024-06-13 20:29:41 +0000"
    },
    "done": true
  },
  "minecraft:recipes/building_blocks/hay_block": {
    "criteria": {
      "has_wheat": "2024-06-13 20:29:41 +0000"
    },
    "done": true
  },
  "swem:recipes/misc/western_fence_birch": {
    "criteria": {
      "has_stick": "2024-06-13 20:29:41 +0000"
    },
    "done": true
  },
  "swem:recipes/misc/pasture_fence_whitewash": {
    "criteria": {
      "has_stick": "2024-06-13 20:29:41 +0000"
    },
    "done": true
  },
  "swem:recipes/misc/pasture_fence_jungle": {
    "criteria": {
      "has_stick": "2024-06-13 20:29:41 +0000"
    },
    "done": true
  },
  "minecraft:recipes/decorations/decorated_pot_simple": {
    "criteria": {
      "has_brick": "2024-06-13 20:29:41 +0000"
    },
    "done": true
  },
  "minecraft:recipes/decorations/campfire": {
    "criteria": {
      "has_stick": "2024-06-13 20:29:41 +0000"
    },
    "done": true
  },
  "minecraft:recipes/tools/wooden_hoe": {
    "criteria": {
      "has_stick": "2024-06-13 20:29:41 +0000"
    },
    "done": true
  },
  "minecraft:recipes/tools/wooden_pickaxe": {
    "criteria": {
      "has_stick": "2024-06-13 20:29:41 +0000"
    },
    "done": true
  },
  "swem:recipes/misc/western_fence_spruce": {
    "criteria": {
      "has_stick": "2024-06-13 20:29:41 +0000"
    },
    "done": true
  },
  "swem:recipes/misc/pasture_fence_acacia": {
    "criteria": {
      "has_stick": "2024-06-13 20:29:41 +0000"
    },
    "done": true
  },
  "minecraft:recipes/tools/wooden_shovel": {
    "criteria": {
      "has_stick": "2024-06-13 20:29:41 +0000"
    },
    "done": true
  },
  "minecraft:recipes/combat/wooden_sword": {
    "criteria": {
      "has_stick": "2024-06-13 20:29:41 +0000"
    },
    "done": true
  },
  "swem:recipes/misc/western_fence_whitewash": {
    "criteria": {
      "has_stick": "2024-06-13 20:29:41 +0000"
    },
    "done": true
  },
  "minecraft:recipes/decorations/flower_pot": {
    "criteria": {
      "has_brick": "2024-06-13 20:29:41 +0000"
    },
    "done": true
  },
  "swem:recipes/misc/western_fence_oak": {
    "criteria": {
      "has_stick": "2024-06-13 20:29:41 +0000"
    },
    "done": true
  },
  "swem:recipes/misc/western_fence_dark_oak": {
    "criteria": {
      "has_stick": "2024-06-13 20:29:41 +0000"
    },
    "done": true
  },
  "swem:recipes/misc/pasture_fence_dark_oak": {
    "criteria": {
      "has_stick": "2024-06-13 20:29:41 +0000"
    },
    "done": true
  },
  "mca:recipes/misc/family_tree": {
    "criteria": {
      "has_item": "2024-06-13 20:29:43 +0000"
    },
    "done": true
  },
  "minecraft:recipes/building_blocks/bookshelf": {
    "criteria": {
      "has_book": "2024-06-13 20:29:43 +0000"
    },
    "done": true
  },
  "minecraft:recipes/redstone/lectern": {
    "criteria": {
      "has_book": "2024-06-13 20:29:43 +0000"
    },
    "done": true
  },
  "minecraft:recipes/building_blocks/chiseled_bookshelf": {
    "criteria": {
      "has_book": "2024-06-13 20:29:43 +0000"
    },
    "done": true
  },
  "minecraft:recipes/misc/writable_book": {
    "criteria": {
      "has_book": "2024-06-13 20:29:43 +0000"
    },
    "done": true
  },
  "minecraft:recipes/building_blocks/emerald_block": {
    "criteria": {
      "has_emerald": "2024-06-13 20:29:54 +0000"
    },
    "done": true
  },
  "minecraft:adventure/trade": {
    "criteria": {
      "traded": "2024-06-13 20:36:10 +0000"
    },
    "done": true
  },
  "minecraft:recipes/decorations/purple_stained_glass_pane_from_glass_pane": {
    "criteria": {
      "has_purple_dye": "2024-06-13 20:36:11 +0000"
    },
    "done": true
  },
  "minecraft:recipes/decorations/purple_candle": {
    "criteria": {
      "has_purple_dye": "2024-06-13 20:36:11 +0000"
    },
    "done": true
  },
  "minecraft:recipes/misc/magenta_dye_from_purple_and_pink": {
    "criteria": {
      "has_purple_dye": "2024-06-13 20:36:11 +0000"
    },
    "done": true
  },
  "minecraft:recipes/building_blocks/dye_purple_bed": {
    "criteria": {
      "has_needed_dye": "2024-06-13 20:36:11 +0000"
    },
    "done": true
  },
  "minecraft:recipes/building_blocks/dye_purple_wool": {
    "criteria": {
      "has_needed_dye": "2024-06-13 20:36:11 +0000"
    },
    "done": true
  },
  "minecraft:recipes/building_blocks/dye_purple_carpet": {
    "criteria": {
      "has_needed_dye": "2024-06-13 20:36:11 +0000"
    },
    "done": true
  },
  "minecraft:recipes/decorations/chest": {
    "criteria": {
      "has_lots_of_items": "2024-06-13 20:36:37 +0000"
    },
    "done": true
  },
  "minecraft:recipes/misc/green_dye": {
    "criteria": {
      "has_cactus": "2024-06-13 20:36:37 +0000"
    },
    "done": true
  },
  "minecraft:recipes/combat/iron_leggings": {
    "criteria": {
      "has_iron_ingot": "2024-06-13 20:37:09 +0000"
    },
    "done": true
  },
  "swem:recipes/misc/pasture_white_horse": {
    "criteria": {
      "has_iron_ingot": "2024-06-13 20:37:09 +0000"
    },
    "done": true
  },
  "minecraft:recipes/combat/iron_chestplate": {
    "criteria": {
      "has_iron_ingot": "2024-06-13 20:37:09 +0000"
    },
    "done": true
  },
  "swem:recipes/misc/tack_box_light_gray": {
    "criteria": {
      "has_iron_ingot": "2024-06-13 20:37:09 +0000"
    },
    "done": true
  },
  "swem:recipes/misc/pasture_light_blue_horse": {
    "criteria": {
      "has_iron_ingot": "2024-06-13 20:37:09 +0000"
    },
    "done": true
  },
  "swem:recipes/misc/pasture_cyan_care": {
    "criteria": {
      "has_iron_ingot": "2024-06-13 20:37:09 +0000"
    },
    "done": true
  },
  "minecraft:recipes/misc/iron_nugget": {
    "criteria": {
      "has_iron_ingot": "2024-06-13 20:37:09 +0000"
    },
    "done": true
  },
  "swem:recipes/misc/tack_box_white": {
    "criteria": {
      "has_iron_ingot": "2024-06-13 20:37:09 +0000"
    },
    "done": true
  },
  "minecraft:recipes/misc/bucket": {
    "criteria": {
      "has_iron_ingot": "2024-06-13 20:37:09 +0000"
    },
    "done": true
  },
  "minecraft:recipes/combat/iron_helmet": {
    "criteria": {
      "has_iron_ingot": "2024-06-13 20:37:09 +0000"
    },
    "done": true
  },
  "swem:recipes/misc/pasture_magenta_care": {
    "criteria": {
      "has_iron_ingot": "2024-06-13 20:37:09 +0000"
    },
    "done": true
  },
  "swem:recipes/misc/pasture_brown_care": {
    "criteria": {
      "has_iron_ingot": "2024-06-13 20:37:09 +0000"
    },
    "done": true
  },
  "minecraft:recipes/transportation/minecart": {
    "criteria": {
      "has_iron_ingot": "2024-06-13 20:37:09 +0000"
    },
    "done": true
  },
  "minecraft:recipes/tools/iron_hoe": {
    "criteria": {
      "has_iron_ingot": "2024-06-13 20:37:09 +0000"
    },
    "done": true
  },
  "swem:recipes/misc/pasture_purple_care": {
    "criteria": {
      "has_iron_ingot": "2024-06-13 20:37:09 +0000"
    },
    "done": true
  },
  "swem:recipes/misc/pasture_red_horse": {
    "criteria": {
      "has_iron_ingot": "2024-06-13 20:37:09 +0000"
    },
    "done": true
  },
  "swem:recipes/misc/pasture_lime_care": {
    "criteria": {
      "has_iron_ingot": "2024-06-13 20:37:09 +0000"
    },
    "done": true
  },
  "swem:recipes/misc/pasture_orange_horse": {
    "criteria": {
      "has_iron_ingot": "2024-06-13 20:37:09 +0000"
    },
    "done": true
  },
  "immersive_aircraft:misc/aircraftery": {
    "criteria": {
      "has_item": "2024-06-13 20:37:09 +0000"
    },
    "done": true
  },
  "swem:recipes/misc/pasture_green_care": {
    "criteria": {
      "has_iron_ingot": "2024-06-13 20:37:09 +0000"
    },
    "done": true
  },
  "minecraft:story/smelt_iron": {
    "criteria": {
      "iron": "2024-06-13 20:37:09 +0000"
    },
    "done": true
  },
  "swem:recipes/misc/pasture_yellow_care": {
    "criteria": {
      "has_iron_ingot": "2024-06-13 20:37:09 +0000"
    },
    "done": true
  },
  "minecraft:recipes/tools/shears": {
    "criteria": {
      "has_iron_ingot": "2024-06-13 20:37:09 +0000"
    },
    "done": true
  },
  "swem:recipes/misc/tack_box_pink": {
    "criteria": {
      "has_iron_ingot": "2024-06-13 20:37:09 +0000"
    },
    "done": true
  },
  "swem:recipes/misc/pasture_light_gray_care": {
    "criteria": {
      "has_iron_ingot": "2024-06-13 20:37:09 +0000"
    },
    "done": true
  },
  "swem:recipes/misc/pasture_lime_horse": {
    "criteria": {
      "has_iron_ingot": "2024-06-13 20:37:09 +0000"
    },
    "done": true
  },
  "swem:recipes/misc/pasture_light_gray_horse": {
    "criteria": {
      "has_iron_ingot": "2024-06-13 20:37:09 +0000"
    },
    "done": true
  },
  "swem:recipes/misc/pasture_orange_care": {
    "criteria": {
      "has_iron_ingot": "2024-06-13 20:37:09 +0000"
    },
    "done": true
  },
  "minecraft:recipes/decorations/chain": {
    "criteria": {
      "has_iron_ingot": "2024-06-13 20:37:09 +0000"
    },
    "done": true
  },
  "minecraft:recipes/building_blocks/iron_block": {
    "criteria": {
      "has_iron_ingot": "2024-06-13 20:37:09 +0000"
    },
    "done": true
  },
  "swem:recipes/misc/tack_box_green": {
    "criteria": {
      "has_iron_ingot": "2024-06-13 20:37:09 +0000"
    },
    "done": true
  },
  "minecraft:recipes/decorations/smithing_table": {
    "criteria": {
      "has_iron_ingot": "2024-06-13 20:37:09 +0000"
    },
    "done": true
  },
  "swem:recipes/misc/tack_box_cyan": {
    "criteria": {
      "has_iron_ingot": "2024-06-13 20:37:09 +0000"
    },
    "done": true
  },
  "swem:recipes/misc/tack_box_lime": {
    "criteria": {
      "has_iron_ingot": "2024-06-13 20:37:09 +0000"
    },
    "done": true
  },
  "mca:recipes/misc/needle_and_thread": {
    "criteria": {
      "has_item": "2024-06-13 20:37:09 +0000"
    },
    "done": true
  },
  "swem:recipes/misc/tack_box_blue": {
    "criteria": {
      "has_iron_ingot": "2024-06-13 20:37:09 +0000"
    },
    "done": true
  },
  "swem:recipes/misc/tack_box_black": {
    "criteria": {
      "has_iron_ingot": "2024-06-13 20:37:09 +0000"
    },
    "done": true
  },
  "mca:recipes/misc/whistle": {
    "criteria": {
      "has_item": "2024-06-13 20:37:09 +0000"
    },
    "done": true
  },
  "swem:recipes/misc/tack_box_light_blue": {
    "criteria": {
      "has_iron_ingot": "2024-06-13 20:37:09 +0000"
    },
    "done": true
  },
  "swem:recipes/misc/tack_box_orange": {
    "criteria": {
      "has_iron_ingot": "2024-06-13 20:37:09 +0000"
    },
    "done": true
  },
  "minecraft:recipes/combat/iron_sword": {
    "criteria": {
      "has_iron_ingot": "2024-06-13 20:37:09 +0000"
    },
    "done": true
  },
  "minecraft:recipes/tools/iron_pickaxe": {
    "criteria": {
      "has_iron_ingot": "2024-06-13 20:37:09 +0000"
    },
    "done": true
  },
  "swem:recipes/misc/pasture_magenta_horse": {
    "criteria": {
      "has_iron_ingot": "2024-06-13 20:37:09 +0000"
    },
    "done": true
  },
  "swem:recipes/misc/tack_box_brown": {
    "criteria": {
      "has_iron_ingot": "2024-06-13 20:37:09 +0000"
    },
    "done": true
  },
  "minecraft:recipes/combat/shield": {
    "criteria": {
      "has_iron_ingot": "2024-06-13 20:37:09 +0000"
    },
    "done": true
  },
  "minecraft:recipes/redstone/hopper": {
    "criteria": {
      "has_iron_ingot": "2024-06-13 20:37:09 +0000"
    },
    "done": true
  },
  "swem:recipes/misc/pasture_gray_horse": {
    "criteria": {
      "has_iron_ingot": "2024-06-13 20:37:09 +0000"
    },
    "done": true
  },
  "swem:recipes/misc/tack_box_purple": {
    "criteria": {
      "has_iron_ingot": "2024-06-13 20:37:09 +0000"
    },
    "done": true
  },
  "swem:recipes/misc/pasture_red_care": {
    "criteria": {
      "has_iron_ingot": "2024-06-13 20:37:09 +0000"
    },
    "done": true
  },
  "minecraft:recipes/decorations/iron_bars": {
    "criteria": {
      "has_iron_ingot": "2024-06-13 20:37:09 +0000"
    },
    "done": true
  },
  "swem:recipes/misc/pasture_black_care": {
    "criteria": {
      "has_iron_ingot": "2024-06-13 20:37:09 +0000"
    },
    "done": true
  },
  "mca:recipes/misc/comb": {
    "criteria": {
      "has_item": "2024-06-13 20:37:09 +0000"
    },
    "done": true
  },
  "minecraft:recipes/combat/iron_boots": {
    "criteria": {
      "has_iron_ingot": "2024-06-13 20:37:09 +0000"
    },
    "done": true
  },
  "minecraft:recipes/decorations/lantern": {
    "criteria": {
      "has_iron_ingot": "2024-06-13 20:37:09 +0000"
    },
    "done": true
  },
  "swem:recipes/misc/pasture_blue_care": {
    "criteria": {
      "has_iron_ingot": "2024-06-13 20:37:09 +0000"
    },
    "done": true
  },
  "swem:recipes/misc/pasture_gray_care": {
    "criteria": {
      "has_iron_ingot": "2024-06-13 20:37:09 +0000"
    },
    "done": true
  },
  "swem:recipes/misc/pasture_green_horse": {
    "criteria": {
      "has_iron_ingot": "2024-06-13 20:37:09 +0000"
    },
    "done": true
  },
  "swem:recipes/misc/pasture_brown_horse": {
    "criteria": {
      "has_iron_ingot": "2024-06-13 20:37:09 +0000"
    },
    "done": true
  },
  "minecraft:recipes/tools/iron_shovel": {
    "criteria": {
      "has_iron_ingot": "2024-06-13 20:37:09 +0000"
    },
    "done": true
  },
  "swem:recipes/misc/rivet_iron": {
    "criteria": {
      "has_ingredient": "2024-06-13 20:37:09 +0000"
    },
    "done": true
  },
  "swem:recipes/misc/pasture_black_horse": {
    "criteria": {
      "has_iron_ingot": "2024-06-13 20:37:09 +0000"
    },
    "done": true
  },
  "swem:recipes/misc/pasture_pink_care": {
    "criteria": {
      "has_iron_ingot": "2024-06-13 20:37:09 +0000"
    },
    "done": true
  },
  "swem:recipes/misc/tack_box_gray": {
    "criteria": {
      "has_iron_ingot": "2024-06-13 20:37:09 +0000"
    },
    "done": true
  },
  "minecraft:recipes/redstone/iron_trapdoor": {
    "criteria": {
      "has_iron_ingot": "2024-06-13 20:37:09 +0000"
    },
    "done": true
  },
  "swem:recipes/misc/pasture_blue_horse": {
    "criteria": {
      "has_iron_ingot": "2024-06-13 20:37:09 +0000"
    },
    "done": true
  },
  "swem:recipes/misc/pasture_purple_horse": {
    "criteria": {
      "has_iron_ingot": "2024-06-13 20:37:09 +0000"
    },
    "done": true
  },
  "minecraft:recipes/tools/iron_axe": {
    "criteria": {
      "has_iron_ingot": "2024-06-13 20:37:09 +0000"
    },
    "done": true
  },
  "minecraft:recipes/combat/crossbow": {
    "criteria": {
      "has_iron_ingot": "2024-06-13 20:37:09 +0000"
    },
    "done": true
  },
  "swem:recipes/misc/tack_box_magenta": {
    "criteria": {
      "has_iron_ingot": "2024-06-13 20:37:09 +0000"
    },
    "done": true
  },
  "swem:recipes/misc/pasture_white_care": {
    "criteria": {
      "has_iron_ingot": "2024-06-13 20:37:09 +0000"
    },
    "done": true
  },
  "swem:recipes/misc/pasture_yellow_horse": {
    "criteria": {
      "has_iron_ingot": "2024-06-13 20:37:09 +0000"
    },
    "done": true
  },
  "swem:recipes/misc/pasture_cyan_horse": {
    "criteria": {
      "has_iron_ingot": "2024-06-13 20:37:09 +0000"
    },
    "done": true
  },
  "swem:recipes/misc/tack_box_yellow": {
    "criteria": {
      "has_iron_ingot": "2024-06-13 20:37:09 +0000"
    },
    "done": true
  },
  "swem:recipes/misc/pasture_light_blue_care": {
    "criteria": {
      "has_iron_ingot": "2024-06-13 20:37:09 +0000"
    },
    "done": true
  },
  "swem:recipes/misc/pasture_pink_horse": {
    "criteria": {
      "has_iron_ingot": "2024-06-13 20:37:09 +0000"
    },
    "done": true
  },
  "swem:recipes/misc/tack_box_red": {
    "criteria": {
      "has_iron_ingot": "2024-06-13 20:37:09 +0000"
    },
    "done": true
  },
  "swem:recipes/misc/plate_iron": {
    "criteria": {
      "has_ingredient": "2024-06-13 20:37:09 +0000"
    },
    "done": true
  },
  "minecraft:recipes/redstone/iron_door": {
    "criteria": {
      "has_iron_ingot": "2024-06-13 20:37:09 +0000"
    },
    "done": true
  },
  "minecraft:recipes/redstone/heavy_weighted_pressure_plate": {
    "criteria": {
      "has_iron_ingot": "2024-06-13 20:37:09 +0000"
    },
    "done": true
  },
  "swem:recipes/misc/halter_brown": {
    "criteria": {
      "has_iron_nugget": "2024-06-13 20:37:10 +0000"
    },
    "done": true
  },
  "swem:recipes/misc/web_guard_magenta_rider": {
    "criteria": {
      "has_iron_nugget": "2024-06-13 20:37:10 +0000"
    },
    "done": true
  },
  "swem:recipes/misc/halter_gray": {
    "criteria": {
      "has_iron_nugget": "2024-06-13 20:37:10 +0000"
    },
    "done": true
  },
  "swem:recipes/misc/web_guard_green_rider": {
    "criteria": {
      "has_iron_nugget": "2024-06-13 20:37:10 +0000"
    },
    "done": true
  },
  "swem:recipes/misc/web_guard_brown_rider": {
    "criteria": {
      "has_iron_nugget": "2024-06-13 20:37:10 +0000"
    },
    "done": true
  },
  "swem:recipes/misc/separator_purple": {
    "criteria": {
      "has_iron_nugget": "2024-06-13 20:37:10 +0000"
    },
    "done": true
  },
  "swem:recipes/misc/separator_orange": {
    "criteria": {
      "has_iron_nugget": "2024-06-13 20:37:10 +0000"
    },
    "done": true
  },
  "swem:recipes/misc/web_guard_purple_care": {
    "criteria": {
      "has_iron_nugget": "2024-06-13 20:37:10 +0000"
    },
    "done": true
  },
  "swem:recipes/misc/web_guard_purple_horse": {
    "criteria": {
      "has_iron_nugget": "2024-06-13 20:37:10 +0000"
    },
    "done": true
  },
  "swem:recipes/misc/web_guard_cyan_rider": {
    "criteria": {
      "has_iron_nugget": "2024-06-13 20:37:10 +0000"
    },
    "done": true
  },
  "swem:recipes/misc/web_guard_magenta_care": {
    "criteria": {
      "has_iron_nugget": "2024-06-13 20:37:10 +0000"
    },
    "done": true
  },
  "swem:recipes/misc/web_guard_pink_horse": {
    "criteria": {
      "has_iron_nugget": "2024-06-13 20:37:10 +0000"
    },
    "done": true
  },
  "swem:recipes/misc/web_guard_gray_rider": {
    "criteria": {
      "has_iron_nugget": "2024-06-13 20:37:10 +0000"
    },
    "done": true
  },
  "swem:recipes/misc/halter_orange": {
    "criteria": {
      "has_iron_nugget": "2024-06-13 20:37:10 +0000"
    },
    "done": true
  },
  "swem:recipes/misc/web_guard_yellow_rider": {
    "criteria": {
      "has_iron_nugget": "2024-06-13 20:37:10 +0000"
    },
    "done": true
  },
  "swem:recipes/misc/web_guard_lime_horse": {
    "criteria": {
      "has_iron_nugget": "2024-06-13 20:37:10 +0000"
    },
    "done": true
  },
  "swem:recipes/misc/halter_purple": {
    "criteria": {
      "has_iron_nugget": "2024-06-13 20:37:10 +0000"
    },
    "done": true
  },
  "swem:recipes/misc/halter_black": {
    "criteria": {
      "has_iron_nugget": "2024-06-13 20:37:10 +0000"
    },
    "done": true
  },
  "swem:recipes/misc/web_guard_orange_horse": {
    "criteria": {
      "has_iron_nugget": "2024-06-13 20:37:10 +0000"
    },
    "done": true
  },
  "swem:recipes/misc/halter_green": {
    "criteria": {
      "has_iron_nugget": "2024-06-13 20:37:10 +0000"
    },
    "done": true
  },
  "swem:recipes/misc/web_guard_red_care": {
    "criteria": {
      "has_iron_nugget": "2024-06-13 20:37:10 +0000"
    },
    "done": true
  },
  "swem:recipes/misc/web_guard_lime_rider": {
    "criteria": {
      "has_iron_nugget": "2024-06-13 20:37:10 +0000"
    },
    "done": true
  },
  "swem:recipes/misc/separator_blue": {
    "criteria": {
      "has_iron_nugget": "2024-06-13 20:37:10 +0000"
    },
    "done": true
  },
  "swem:recipes/misc/web_guard_gray_care": {
    "criteria": {
      "has_iron_nugget": "2024-06-13 20:37:10 +0000"
    },
    "done": true
  },
  "swem:recipes/misc/separator_pink": {
    "criteria": {
      "has_iron_nugget": "2024-06-13 20:37:10 +0000"
    },
    "done": true
  },
  "swem:recipes/misc/web_guard_orange_rider": {
    "criteria": {
      "has_iron_nugget": "2024-06-13 20:37:10 +0000"
    },
    "done": true
  },
  "swem:recipes/misc/halter_lime": {
    "criteria": {
      "has_iron_nugget": "2024-06-13 20:37:10 +0000"
    },
    "done": true
  },
  "swem:recipes/misc/web_guard_red_rider": {
    "criteria": {
      "has_iron_nugget": "2024-06-13 20:37:10 +0000"
    },
    "done": true
  },
  "swem:recipes/misc/web_guard_white_care": {
    "criteria": {
      "has_iron_nugget": "2024-06-13 20:37:10 +0000"
    },
    "done": true
  },
  "swem:recipes/misc/halter_red": {
    "criteria": {
      "has_iron_nugget": "2024-06-13 20:37:10 +0000"
    },
    "done": true
  },
  "swem:recipes/misc/web_guard_magenta_horse": {
    "criteria": {
      "has_iron_nugget": "2024-06-13 20:37:10 +0000"
    },
    "done": true
  },
  "swem:recipes/misc/web_guard_gray_horse": {
    "criteria": {
      "has_iron_nugget": "2024-06-13 20:37:10 +0000"
    },
    "done": true
  },
  "swem:recipes/misc/web_guard_green_care": {
    "criteria": {
      "has_iron_nugget": "2024-06-13 20:37:10 +0000"
    },
    "done": true
  },
  "swem:recipes/misc/separator_cyan": {
    "criteria": {
      "has_iron_nugget": "2024-06-13 20:37:10 +0000"
    },
    "done": true
  },
  "swem:recipes/misc/web_guard_black_care": {
    "criteria": {
      "has_iron_nugget": "2024-06-13 20:37:10 +0000"
    },
    "done": true
  },
  "swem:recipes/misc/separator_red": {
    "criteria": {
      "has_iron_nugget": "2024-06-13 20:37:10 +0000"
    },
    "done": true
  },
  "swem:recipes/misc/web_guard_white_horse": {
    "criteria": {
      "has_iron_nugget": "2024-06-13 20:37:10 +0000"
    },
    "done": true
  },
  "swem:recipes/misc/separator_yellow": {
    "criteria": {
      "has_iron_nugget": "2024-06-13 20:37:10 +0000"
    },
    "done": true
  },
  "swem:recipes/misc/web_guard_yellow_horse": {
    "criteria": {
      "has_iron_nugget": "2024-06-13 20:37:10 +0000"
    },
    "done": true
  },
  "swem:recipes/misc/web_guard_cyan_care": {
    "criteria": {
      "has_iron_nugget": "2024-06-13 20:37:10 +0000"
    },
    "done": true
  },
  "swem:recipes/misc/separator_light_gray": {
    "criteria": {
      "has_iron_nugget": "2024-06-13 20:37:10 +0000"
    },
    "done": true
  },
  "swem:recipes/misc/web_guard_red_horse": {
    "criteria": {
      "has_iron_nugget": "2024-06-13 20:37:10 +0000"
    },
    "done": true
  },
  "swem:recipes/misc/web_guard_light_blue_rider": {
    "criteria": {
      "has_iron_nugget": "2024-06-13 20:37:10 +0000"
    },
    "done": true
  },
  "swem:recipes/misc/halter_cyan": {
    "criteria": {
      "has_iron_nugget": "2024-06-13 20:37:10 +0000"
    },
    "done": true
  },
  "swem:recipes/misc/web_guard_cyan_horse": {
    "criteria": {
      "has_iron_nugget": "2024-06-13 20:37:10 +0000"
    },
    "done": true
  },
  "swem:recipes/misc/halter_blue": {
    "criteria": {
      "has_iron_nugget": "2024-06-13 20:37:10 +0000"
    },
    "done": true
  },
  "swem:recipes/misc/halter_light_blue": {
    "criteria": {
      "has_iron_nugget": "2024-06-13 20:37:10 +0000"
    },
    "done": true
  },
  "swem:recipes/misc/halter_white": {
    "criteria": {
      "has_iron_nugget": "2024-06-13 20:37:10 +0000"
    },
    "done": true
  },
  "swem:recipes/misc/hitching_ring": {
    "criteria": {
      "has_nugget": "2024-06-13 20:37:10 +0000"
    },
    "done": true
  },
  "swem:recipes/misc/web_guard_white_rider": {
    "criteria": {
      "has_iron_nugget": "2024-06-13 20:37:10 +0000"
    },
    "done": true
  },
  "swem:recipes/misc/web_guard_lime_care": {
    "criteria": {
      "has_iron_nugget": "2024-06-13 20:37:10 +0000"
    },
    "done": true
  },
  "swem:recipes/misc/web_guard_light_blue_care": {
    "criteria": {
      "has_iron_nugget": "2024-06-13 20:37:10 +0000"
    },
    "done": true
  },
  "swem:recipes/misc/halter_pink": {
    "criteria": {
      "has_iron_nugget": "2024-06-13 20:37:10 +0000"
    },
    "done": true
  },
  "swem:recipes/misc/web_guard_purple_rider": {
    "criteria": {
      "has_iron_nugget": "2024-06-13 20:37:10 +0000"
    },
    "done": true
  },
  "swem:recipes/misc/web_guard_yellow_care": {
    "criteria": {
      "has_iron_nugget": "2024-06-13 20:37:10 +0000"
    },
    "done": true
  },
  "swem:recipes/misc/separator_lime": {
    "criteria": {
      "has_iron_nugget": "2024-06-13 20:37:10 +0000"
    },
    "done": true
  },
  "swem:recipes/misc/separator_magenta": {
    "criteria": {
      "has_iron_nugget": "2024-06-13 20:37:10 +0000"
    },
    "done": true
  },
  "swem:recipes/misc/web_guard_blue_horse": {
    "criteria": {
      "has_iron_nugget": "2024-06-13 20:37:10 +0000"
    },
    "done": true
  },
  "swem:recipes/misc/web_guard_light_gray_care": {
    "criteria": {
      "has_iron_nugget": "2024-06-13 20:37:10 +0000"
    },
    "done": true
  },
  "swem:recipes/misc/halter_magenta": {
    "criteria": {
      "has_iron_nugget": "2024-06-13 20:37:10 +0000"
    },
    "done": true
  },
  "swem:recipes/misc/halter_yellow": {
    "criteria": {
      "has_iron_nugget": "2024-06-13 20:37:10 +0000"
    },
    "done": true
  },
  "swem:recipes/misc/web_guard_orange_care": {
    "criteria": {
      "has_iron_nugget": "2024-06-13 20:37:10 +0000"
    },
    "done": true
  },
  "swem:recipes/misc/separator_brown": {
    "criteria": {
      "has_iron_nugget": "2024-06-13 20:37:10 +0000"
    },
    "done": true
  },
  "swem:recipes/misc/halter_light_gray": {
    "criteria": {
      "has_iron_nugget": "2024-06-13 20:37:10 +0000"
    },
    "done": true
  },
  "swem:recipes/misc/web_guard_blue_rider": {
    "criteria": {
      "has_iron_nugget": "2024-06-13 20:37:10 +0000"
    },
    "done": true
  },
  "swem:recipes/misc/web_guard_black_horse": {
    "criteria": {
      "has_iron_nugget": "2024-06-13 20:37:10 +0000"
    },
    "done": true
  },
  "swem:recipes/misc/web_guard_light_gray_rider": {
    "criteria": {
      "has_iron_nugget": "2024-06-13 20:37:10 +0000"
    },
    "done": true
  },
  "swem:recipes/misc/web_guard_black_rider": {
    "criteria": {
      "has_iron_nugget": "2024-06-13 20:37:10 +0000"
    },
    "done": true
  },
  "swem:recipes/misc/web_guard_blue_care": {
    "criteria": {
      "has_iron_nugget": "2024-06-13 20:37:10 +0000"
    },
    "done": true
  },
  "swem:recipes/misc/separator_white": {
    "criteria": {
      "has_iron_nugget": "2024-06-13 20:37:10 +0000"
    },
    "done": true
  },
  "swem:recipes/misc/web_guard_light_gray_horse": {
    "criteria": {
      "has_iron_nugget": "2024-06-13 20:37:10 +0000"
    },
    "done": true
  },
  "swem:recipes/misc/helmet_riding": {
    "criteria": {
      "has_iron_nugget": "2024-06-13 20:37:10 +0000"
    },
    "done": true
  },
  "swem:recipes/misc/separator_gray": {
    "criteria": {
      "has_iron_nugget": "2024-06-13 20:37:10 +0000"
    },
    "done": true
  },
  "swem:recipes/misc/web_guard_pink_care": {
    "criteria": {
      "has_iron_nugget": "2024-06-13 20:37:10 +0000"
    },
    "done": true
  },
  "swem:recipes/misc/web_guard_green_horse": {
    "criteria": {
      "has_iron_nugget": "2024-06-13 20:37:10 +0000"
    },
    "done": true
  },
  "swem:recipes/misc/web_guard_brown_horse": {
    "criteria": {
      "has_iron_nugget": "2024-06-13 20:37:10 +0000"
    },
    "done": true
  },
  "swem:recipes/misc/web_guard_pink_rider": {
    "criteria": {
      "has_iron_nugget": "2024-06-13 20:37:10 +0000"
    },
    "done": true
  },
  "swem:recipes/misc/separator_light_blue": {
    "criteria": {
      "has_iron_nugget": "2024-06-13 20:37:10 +0000"
    },
    "done": true
  },
  "swem:recipes/misc/web_guard_light_blue_horse": {
    "criteria": {
      "has_iron_nugget": "2024-06-13 20:37:10 +0000"
    },
    "done": true
  },
  "swem:recipes/misc/separator_black": {
    "criteria": {
      "has_iron_nugget": "2024-06-13 20:37:10 +0000"
    },
    "done": true
  },
  "swem:recipes/misc/web_guard_brown_care": {
    "criteria": {
      "has_iron_nugget": "2024-06-13 20:37:10 +0000"
    },
    "done": true
  },
  "swem:recipes/misc/separator_green": {
    "criteria": {
      "has_iron_nugget": "2024-06-13 20:37:10 +0000"
    },
    "done": true
  },
  "minecraft:recipes/misc/iron_ingot_from_nuggets": {
    "criteria": {
      "has_iron_nugget": "2024-06-13 20:37:10 +0000"
    },
    "done": true
  },
  "minecraft:recipes/misc/iron_nugget_from_smelting": {
    "criteria": {
      "has_iron_axe": "2024-06-13 20:37:19 +0000"
    },
    "done": true
  },
  "minecraft:recipes/misc/iron_nugget_from_blasting": {
    "criteria": {
      "has_iron_axe": "2024-06-13 20:37:19 +0000"
    },
    "done": true
  },
  "minecraft:husbandry/root": {
    "criteria": {
      "consumed_item": "2024-06-13 20:38:04 +0000"
    },
    "done": true
  },
  "minecraft:husbandry/balanced_diet": {
    "criteria": {
      "bread": "2024-06-13 20:38:04 +0000"
    },
    "done": false
  },
  "minecraft:recipes/redstone/target": {
    "criteria": {
      "has_hay_block": "2024-06-13 20:38:08 +0000"
    },
    "done": true
  },
  "minecraft:recipes/misc/wheat": {
    "criteria": {
      "has_hay_block": "2024-06-13 20:38:08 +0000"
    },
    "done": true
  },
  "minecraft:recipes/tools/golden_axe": {
    "criteria": {
      "has_gold_ingot": "2024-06-13 20:41:38 +0000"
    },
    "done": true
  },
  "minecraft:recipes/tools/golden_pickaxe": {
    "criteria": {
      "has_gold_ingot": "2024-06-13 20:41:38 +0000"
    },
    "done": true
  },
  "minecraft:recipes/misc/gold_nugget": {
    "criteria": {
      "has_gold_ingot": "2024-06-13 20:41:38 +0000"
    },
    "done": true
  },
  "minecraft:recipes/tools/golden_shovel": {
    "criteria": {
      "has_gold_ingot": "2024-06-13 20:41:38 +0000"
    },
    "done": true
  },
  "minecraft:recipes/food/golden_apple": {
    "criteria": {
      "has_gold_ingot": "2024-06-13 20:41:38 +0000"
    },
    "done": true
  },
  "minecraft:recipes/combat/golden_boots": {
    "criteria": {
      "has_gold_ingot": "2024-06-13 20:41:38 +0000"
    },
    "done": true
  },
  "minecraft:recipes/combat/golden_helmet": {
    "criteria": {
      "has_gold_ingot": "2024-06-13 20:41:38 +0000"
    },
    "done": true
  },
  "minecraft:recipes/combat/golden_chestplate": {
    "criteria": {
      "has_gold_ingot": "2024-06-13 20:41:38 +0000"
    },
    "done": true
  },
  "swem:recipes/misc/rivet_gold": {
    "criteria": {
      "has_ingredient": "2024-06-13 20:41:38 +0000"
    },
    "done": true
  },
  "minecraft:recipes/redstone/light_weighted_pressure_plate": {
    "criteria": {
      "has_gold_ingot": "2024-06-13 20:41:38 +0000"
    },
    "done": true
  },
  "swem:recipes/misc/plate_gold": {
    "criteria": {
      "has_ingredient": "2024-06-13 20:41:38 +0000"
    },
    "done": true
  },
  "minecraft:recipes/combat/golden_sword": {
    "criteria": {
      "has_gold_ingot": "2024-06-13 20:41:38 +0000"
    },
    "done": true
  },
  "minecraft:recipes/building_blocks/gold_block": {
    "criteria": {
      "has_gold_ingot": "2024-06-13 20:41:38 +0000"
    },
    "done": true
  },
  "minecraft:recipes/tools/golden_hoe": {
    "criteria": {
      "has_gold_ingot": "2024-06-13 20:41:38 +0000"
    },
    "done": true
  },
  "minecraft:recipes/combat/golden_leggings": {
    "criteria": {
      "has_gold_ingot": "2024-06-13 20:41:38 +0000"
    },
    "done": true
  },
  "minecraft:recipes/food/baked_potato_from_campfire_cooking": {
    "criteria": {
      "has_potato": "2024-06-13 20:44:05 +0000"
    },
    "done": true
  },
  "minecraft:recipes/food/baked_potato": {
    "criteria": {
      "has_potato": "2024-06-13 20:44:05 +0000"
    },
    "done": true
  },
  "minecraft:recipes/food/baked_potato_from_smoking": {
    "criteria": {
      "has_potato": "2024-06-13 20:44:05 +0000"
    },
    "done": true
  },
  "minecraft:recipes/transportation/carrot_on_a_stick": {
    "criteria": {
      "has_carrot": "2024-06-13 20:44:10 +0000"
    },
    "done": true
  },
  "minecraft:recipes/misc/emerald": {
    "criteria": {
      "has_emerald_block": "2024-06-13 20:44:25 +0000"
    },
    "done": true
  },
  "minecraft:recipes/misc/blue_dye": {
    "criteria": {
      "has_lapis_lazuli": "2024-06-13 20:44:33 +0000"
    },
    "done": true
  },
  "minecraft:recipes/building_blocks/lapis_block": {
    "criteria": {
      "has_lapis_lazuli": "2024-06-13 20:44:33 +0000"
    },
    "done": true
  },
  "minecraft:adventure/kill_all_mobs": {
    "criteria": {
      "minecraft:spider": "2024-06-13 22:55:21 +0000",
      "minecraft:husk": "2024-06-13 20:48:05 +0000",
      "minecraft:zombie": "2024-06-13 21:06:05 +0000"
    },
    "done": false
  },
  "minecraft:adventure/root": {
    "criteria": {
      "killed_something": "2024-06-13 20:48:05 +0000"
    },
    "done": true
  },
  "minecraft:adventure/kill_a_mob": {
    "criteria": {
      "minecraft:husk": "2024-06-13 20:48:05 +0000"
    },
    "done": true
  },
  "tombstone:adventure/create_magic_scroll": {
    "criteria": {
      "has_magic_scroll": "2024-06-13 20:48:56 +0000"
    },
    "done": true
  },
  "minecraft:recipes/combat/bow": {
    "criteria": {
      "has_string": "2024-06-13 20:50:35 +0000"
    },
    "done": true
  },
  "minecraft:recipes/tools/fishing_rod": {
    "criteria": {
      "has_string": "2024-06-13 20:50:35 +0000"
    },
    "done": true
  },
  "swem:recipes/misc/toy_string_treats": {
    "criteria": {
      "has_string": "2024-06-13 20:50:35 +0000"
    },
    "done": true
  },
  "minecraft:recipes/redstone/tripwire_hook": {
    "criteria": {
      "has_string": "2024-06-13 20:50:35 +0000"
    },
    "done": true
  },
  "minecraft:recipes/decorations/candle": {
    "criteria": {
      "has_string": "2024-06-13 20:50:35 +0000"
    },
    "done": true
  },
  "minecraft:recipes/building_blocks/white_wool_from_string": {
    "criteria": {
      "has_string": "2024-06-13 20:50:35 +0000"
    },
    "done": true
  },
  "minecraft:recipes/decorations/loom": {
    "criteria": {
      "has_string": "2024-06-13 20:50:35 +0000"
    },
    "done": true
  },
  "swem:recipes/misc/english_leg_wraps/english_leg_wraps_black_from_leg_wraps": {
    "criteria": {
      "has_english_leg_wraps": "2024-06-13 20:52:38 +0000"
    },
    "done": true
  },
  "swem:recipes/misc/english_leg_wraps/english_leg_wraps_orange": {
    "criteria": {
      "has_english_leg_wraps": "2024-06-13 20:52:38 +0000"
    },
    "done": true
  },
  "swem:recipes/misc/english_leg_wraps/english_leg_wraps_blue_from_leg_wraps": {
    "criteria": {
      "has_english_leg_wraps": "2024-06-13 20:52:38 +0000"
    },
    "done": true
  },
  "swem:recipes/misc/english_leg_wraps/english_leg_wraps_purple": {
    "criteria": {
      "has_english_leg_wraps": "2024-06-13 20:52:38 +0000"
    },
    "done": true
  },
  "swem:recipes/misc/english_blanket/english_blanket_light_gray": {
    "criteria": {
      "has_english_blanket": "2024-06-13 20:52:38 +0000"
    },
    "done": true
  },
  "swem:recipes/misc/pasture_blanket/pasture_blanket_armored_brown": {
    "criteria": {
      "has_pasture_blanket_armored": "2024-06-13 20:52:38 +0000"
    },
    "done": true
  },
  "swem:recipes/misc/english_blanket/english_blanket_cyan": {
    "criteria": {
      "has_english_blanket": "2024-06-13 20:52:38 +0000"
    },
    "done": true
  },
  "swem:recipes/misc/english_blanket/english_blanket_magenta_from_blanket": {
    "criteria": {
      "has_english_blanket": "2024-06-13 20:52:38 +0000"
    },
    "done": true
  },
  "swem:recipes/misc/english_blanket/english_blanket_red": {
    "criteria": {
      "has_english_blanket": "2024-06-13 20:52:38 +0000"
    },
    "done": true
  },
  "swem:recipes/misc/pasture_blanket/pasture_blanket_light_gray": {
    "criteria": {
      "has_pasture_blanket": "2024-06-13 20:52:38 +0000"
    },
    "done": true
  },
  "swem:recipes/misc/english_blanket/english_blanket_green": {
    "criteria": {
      "has_english_blanket": "2024-06-13 20:52:38 +0000"
    },
    "done": true
  },
  "swem:recipes/misc/western_leg_wraps/western_leg_wraps_purple": {
    "criteria": {
      "has_western_leg_wraps": "2024-06-13 20:52:38 +0000"
    },
    "done": true
  },
  "swem:recipes/misc/pasture_blanket/pasture_blanket_red": {
    "criteria": {
      "has_pasture_blanket": "2024-06-13 20:52:38 +0000"
    },
    "done": true
  },
  "swem:recipes/misc/pasture_blanket/pasture_blanket_armored_black": {
    "criteria": {
      "has_pasture_blanket_armored": "2024-06-13 20:52:38 +0000"
    },
    "done": true
  },
  "swem:recipes/misc/western_leg_wraps/western_leg_wraps_cyan_from_leg_wraps": {
    "criteria": {
      "has_western_leg_wraps": "2024-06-13 20:52:38 +0000"
    },
    "done": true
  },
  "swem:recipes/misc/english_blanket/english_blanket_lime_from_blanket": {
    "criteria": {
      "has_english_blanket": "2024-06-13 20:52:38 +0000"
    },
    "done": true
  },
  "swem:recipes/misc/english_blanket/english_blanket_white_from_blanket": {
    "criteria": {
      "has_english_blanket": "2024-06-13 20:52:38 +0000"
    },
    "done": true
  },
  "swem:recipes/misc/western_leg_wraps/western_leg_wraps_cyan": {
    "criteria": {
      "has_western_leg_wraps": "2024-06-13 20:52:38 +0000"
    },
    "done": true
  },
  "swem:recipes/misc/western_leg_wraps/western_leg_wraps_magenta_from_leg_wraps": {
    "criteria": {
      "has_western_leg_wraps": "2024-06-13 20:52:38 +0000"
    },
    "done": true
  },
  "swem:recipes/misc/western_leg_wraps/western_leg_wraps_light_blue": {
    "criteria": {
      "has_western_leg_wraps": "2024-06-13 20:52:38 +0000"
    },
    "done": true
  },
  "swem:recipes/misc/english_blanket/english_blanket_orange": {
    "criteria": {
      "has_english_blanket": "2024-06-13 20:52:38 +0000"
    },
    "done": true
  },
  "swem:recipes/misc/english_leg_wraps/english_leg_wraps_gray": {
    "criteria": {
      "has_english_leg_wraps": "2024-06-13 20:52:38 +0000"
    },
    "done": true
  },
  "swem:recipes/misc/pasture_blanket/pasture_blanket_orange_armored_from_blanket": {
    "criteria": {
      "has_pasture_blanket_armored": "2024-06-13 20:52:38 +0000"
    },
    "done": true
  },
  "swem:recipes/misc/pasture_blanket/pasture_blanket_cyan": {
    "criteria": {
      "has_pasture_blanket": "2024-06-13 20:52:38 +0000"
    },
    "done": true
  },
  "swem:recipes/misc/english_leg_wraps/english_leg_wraps_light_gray": {
    "criteria": {
      "has_english_leg_wraps": "2024-06-13 20:52:38 +0000"
    },
    "done": true
  },
  "swem:recipes/misc/english_blanket/english_blanket_cyan_from_blanket": {
    "criteria": {
      "has_english_blanket": "2024-06-13 20:52:38 +0000"
    },
    "done": true
  },
  "swem:recipes/misc/english_blanket/english_blanket_black_from_blanket": {
    "criteria": {
      "has_english_blanket": "2024-06-13 20:52:38 +0000"
    },
    "done": true
  },
  "swem:recipes/misc/western_leg_wraps/western_leg_wraps_purple_from_leg_wraps": {
    "criteria": {
      "has_western_leg_wraps": "2024-06-13 20:52:38 +0000"
    },
    "done": true
  },
  "swem:recipes/misc/english_blanket/english_blanket_white": {
    "criteria": {
      "has_english_blanket": "2024-06-13 20:52:38 +0000"
    },
    "done": true
  },
  "swem:recipes/misc/english_leg_wraps/english_leg_wraps_gray_from_leg_wraps": {
    "criteria": {
      "has_english_leg_wraps": "2024-06-13 20:52:38 +0000"
    },
    "done": true
  },
  "swem:recipes/misc/pasture_blanket/pasture_blanket_purple": {
    "criteria": {
      "has_pasture_blanket": "2024-06-13 20:52:38 +0000"
    },
    "done": true
  },
  "swem:recipes/misc/pasture_blanket/pasture_blanket_light_gray_armored_from_blanket": {
    "criteria": {
      "has_pasture_blanket_armored": "2024-06-13 20:52:38 +0000"
    },
    "done": true
  },
  "swem:recipes/misc/pasture_blanket/pasture_blanket_brown_armored_from_blanket": {
    "criteria": {
      "has_pasture_blanket_armored": "2024-06-13 20:52:38 +0000"
    },
    "done": true
  },
  "swem:recipes/misc/english_blanket/english_blanket_yellow": {
    "criteria": {
      "has_english_blanket": "2024-06-13 20:52:38 +0000"
    },
    "done": true
  },
  "swem:recipes/misc/pasture_blanket/pasture_blanket_purple_armored_from_blanket": {
    "criteria": {
      "has_pasture_blanket_armored": "2024-06-13 20:52:38 +0000"
    },
    "done": true
  },
  "swem:recipes/misc/western_leg_wraps/western_leg_wraps_black": {
    "criteria": {
      "has_western_leg_wraps": "2024-06-13 20:52:38 +0000"
    },
    "done": true
  },
  "swem:recipes/misc/english_blanket/english_blanket_brown": {
    "criteria": {
      "has_english_blanket": "2024-06-13 20:52:38 +0000"
    },
    "done": true
  },
  "swem:recipes/misc/english_leg_wraps/english_leg_wraps_red": {
    "criteria": {
      "has_english_leg_wraps": "2024-06-13 20:52:38 +0000"
    },
    "done": true
  },
  "swem:recipes/misc/western_leg_wraps/western_leg_wraps_blue": {
    "criteria": {
      "has_western_leg_wraps": "2024-06-13 20:52:38 +0000"
    },
    "done": true
  },
  "swem:recipes/misc/pasture_blanket/pasture_blanket_light_blue_armored_from_blanket": {
    "criteria": {
      "has_pasture_blanket_armored": "2024-06-13 20:52:38 +0000"
    },
    "done": true
  },
  "swem:recipes/misc/english_blanket/english_blanket_magenta": {
    "criteria": {
      "has_english_blanket": "2024-06-13 20:52:38 +0000"
    },
    "done": true
  },
  "swem:recipes/misc/pasture_blanket/pasture_blanket_yellow": {
    "criteria": {
      "has_pasture_blanket": "2024-06-13 20:52:38 +0000"
    },
    "done": true
  },
  "swem:recipes/misc/english_leg_wraps/english_leg_wraps_red_from_leg_wraps": {
    "criteria": {
      "has_english_leg_wraps": "2024-06-13 20:52:38 +0000"
    },
    "done": true
  },
  "swem:recipes/misc/western_leg_wraps/western_leg_wraps_lime": {
    "criteria": {
      "has_western_leg_wraps": "2024-06-13 20:52:38 +0000"
    },
    "done": true
  },
  "swem:recipes/misc/western_leg_wraps/western_leg_wraps_red_from_leg_wraps": {
    "criteria": {
      "has_western_leg_wraps": "2024-06-13 20:52:38 +0000"
    },
    "done": true
  },
  "swem:recipes/misc/pasture_blanket/pasture_blanket_magenta": {
    "criteria": {
      "has_pasture_blanket": "2024-06-13 20:52:38 +0000"
    },
    "done": true
  },
  "swem:recipes/misc/western_leg_wraps/western_leg_wraps_brown": {
    "criteria": {
      "has_western_leg_wraps": "2024-06-13 20:52:38 +0000"
    },
    "done": true
  },
  "swem:recipes/misc/english_leg_wraps/english_leg_wraps_light_gray_from_leg_wraps": {
    "criteria": {
      "has_english_leg_wraps": "2024-06-13 20:52:38 +0000"
    },
    "done": true
  },
  "swem:recipes/misc/western_leg_wraps/western_leg_wraps_white_from_leg_wraps": {
    "criteria": {
      "has_western_leg_wraps": "2024-06-13 20:52:38 +0000"
    },
    "done": true
  },
  "swem:recipes/misc/english_leg_wraps/english_leg_wraps_magenta": {
    "criteria": {
      "has_english_leg_wraps": "2024-06-13 20:52:38 +0000"
    },
    "done": true
  },
  "swem:recipes/misc/english_blanket/english_blanket_orange_from_blanket": {
    "criteria": {
      "has_english_blanket": "2024-06-13 20:52:38 +0000"
    },
    "done": true
  },
  "swem:recipes/misc/english_blanket/english_blanket_lime": {
    "criteria": {
      "has_english_blanket": "2024-06-13 20:52:38 +0000"
    },
    "done": true
  },
  "swem:recipes/misc/pasture_blanket/pasture_blanket_cyan_armored_from_blanket": {
    "criteria": {
      "has_pasture_blanket_armored": "2024-06-13 20:52:38 +0000"
    },
    "done": true
  },
  "swem:recipes/misc/english_blanket/english_blanket_blue": {
    "criteria": {
      "has_english_blanket": "2024-06-13 20:52:38 +0000"
    },
    "done": true
  },
  "swem:recipes/misc/english_leg_wraps/english_leg_wraps_pink_from_leg_wraps": {
    "criteria": {
      "has_english_leg_wraps": "2024-06-13 20:52:38 +0000"
    },
    "done": true
  },
  "swem:recipes/misc/english_blanket/english_blanket_black": {
    "criteria": {
      "has_english_blanket": "2024-06-13 20:52:38 +0000"
    },
    "done": true
  },
  "swem:recipes/misc/english_blanket/english_blanket_blue_from_blanket": {
    "criteria": {
      "has_english_blanket": "2024-06-13 20:52:38 +0000"
    },
    "done": true
  },
  "swem:recipes/misc/pasture_blanket/pasture_blanket_brown": {
    "criteria": {
      "has_pasture_blanket": "2024-06-13 20:52:38 +0000"
    },
    "done": true
  },
  "swem:recipes/misc/english_leg_wraps/english_leg_wraps_purple_from_leg_wraps": {
    "criteria": {
      "has_english_leg_wraps": "2024-06-13 20:52:38 +0000"
    },
    "done": true
  },
  "swem:recipes/misc/western_leg_wraps/western_leg_wraps_green_from_leg_wraps": {
    "criteria": {
      "has_western_leg_wraps": "2024-06-13 20:52:38 +0000"
    },
    "done": true
  },
  "swem:recipes/misc/pasture_blanket/pasture_blanket_green_armored_from_blanket": {
    "criteria": {
      "has_pasture_blanket_armored": "2024-06-13 20:52:38 +0000"
    },
    "done": true
  },
  "swem:recipes/misc/western_leg_wraps/western_leg_wraps_pink_from_leg_wraps": {
    "criteria": {
      "has_western_leg_wraps": "2024-06-13 20:52:38 +0000"
    },
    "done": true
  },
  "swem:recipes/misc/english_blanket/english_blanket_pink": {
    "criteria": {
      "has_english_blanket": "2024-06-13 20:52:38 +0000"
    },
    "done": true
  },
  "swem:recipes/misc/pasture_blanket/pasture_blanket_armored_gray": {
    "criteria": {
      "has_pasture_blanket_armored": "2024-06-13 20:52:38 +0000"
    },
    "done": true
  },
  "swem:recipes/misc/pasture_blanket/pasture_blanket_magenta_armored_from_blanket": {
    "criteria": {
      "has_pasture_blanket_armored": "2024-06-13 20:52:38 +0000"
    },
    "done": true
  },
  "swem:recipes/misc/western_leg_wraps/western_leg_wraps_pink": {
    "criteria": {
      "has_western_leg_wraps": "2024-06-13 20:52:38 +0000"
    },
    "done": true
  },
  "swem:recipes/misc/pasture_blanket/pasture_blanket_orange": {
    "criteria": {
      "has_pasture_blanket": "2024-06-13 20:52:38 +0000"
    },
    "done": true
  },
  "swem:recipes/misc/english_leg_wraps/english_leg_wraps_green_from_leg_wraps": {
    "criteria": {
      "has_english_leg_wraps": "2024-06-13 20:52:38 +0000"
    },
    "done": true
  },
  "swem:recipes/misc/pasture_blanket/pasture_blanket_armored_purple": {
    "criteria": {
      "has_pasture_blanket_armored": "2024-06-13 20:52:38 +0000"
    },
    "done": true
  },
  "swem:recipes/misc/english_blanket/english_blanket_gray": {
    "criteria": {
      "has_english_blanket": "2024-06-13 20:52:38 +0000"
    },
    "done": true
  },
  "swem:recipes/misc/english_leg_wraps/english_leg_wraps_light_blue": {
    "criteria": {
      "has_english_leg_wraps": "2024-06-13 20:52:38 +0000"
    },
    "done": true
  },
  "swem:recipes/misc/english_leg_wraps/english_leg_wraps_cyan_from_leg_wraps": {
    "criteria": {
      "has_english_leg_wraps": "2024-06-13 20:52:38 +0000"
    },
    "done": true
  },
  "swem:recipes/misc/western_leg_wraps/western_leg_wraps_light_blue_from_leg_wraps": {
    "criteria": {
      "has_western_leg_wraps": "2024-06-13 20:52:38 +0000"
    },
    "done": true
  },
  "swem:recipes/misc/western_leg_wraps/western_leg_wraps_light_gray_from_leg_wraps": {
    "criteria": {
      "has_western_leg_wraps": "2024-06-13 20:52:38 +0000"
    },
    "done": true
  },
  "swem:recipes/misc/western_leg_wraps/western_leg_wraps_orange_from_leg_wraps": {
    "criteria": {
      "has_western_leg_wraps": "2024-06-13 20:52:38 +0000"
    },
    "done": true
  },
  "swem:recipes/misc/pasture_blanket/pasture_blanket_armored_orange": {
    "criteria": {
      "has_pasture_blanket_armored": "2024-06-13 20:52:38 +0000"
    },
    "done": true
  },
  "swem:recipes/misc/pasture_blanket/pasture_blanket_green": {
    "criteria": {
      "has_pasture_blanket": "2024-06-13 20:52:38 +0000"
    },
    "done": true
  },
  "swem:recipes/misc/english_leg_wraps/english_leg_wraps_white": {
    "criteria": {
      "has_english_leg_wraps": "2024-06-13 20:52:38 +0000"
    },
    "done": true
  },
  "swem:recipes/misc/western_leg_wraps/western_leg_wraps_white": {
    "criteria": {
      "has_western_leg_wraps": "2024-06-13 20:52:38 +0000"
    },
    "done": true
  },
  "swem:recipes/misc/western_leg_wraps/western_leg_wraps_gray_from_leg_wraps": {
    "criteria": {
      "has_western_leg_wraps": "2024-06-13 20:52:38 +0000"
    },
    "done": true
  },
  "swem:recipes/misc/pasture_blanket/pasture_blanket_black": {
    "criteria": {
      "has_pasture_blanket": "2024-06-13 20:52:38 +0000"
    },
    "done": true
  },
  "swem:recipes/misc/pasture_blanket/pasture_blanket_armored_red": {
    "criteria": {
      "has_pasture_blanket_armored": "2024-06-13 20:52:38 +0000"
    },
    "done": true
  },
  "swem:recipes/misc/pasture_blanket/pasture_blanket_armored_yellow": {
    "criteria": {
      "has_pasture_blanket_armored": "2024-06-13 20:52:38 +0000"
    },
    "done": true
  },
  "swem:recipes/misc/english_leg_wraps/english_leg_wraps_yellow_from_leg_wraps": {
    "criteria": {
      "has_english_leg_wraps": "2024-06-13 20:52:38 +0000"
    },
    "done": true
  },
  "swem:recipes/misc/english_blanket/english_blanket_purple_from_blanket": {
    "criteria": {
      "has_english_blanket": "2024-06-13 20:52:38 +0000"
    },
    "done": true
  },
  "swem:recipes/misc/english_blanket/english_blanket_light_gray_from_blanket": {
    "criteria": {
      "has_english_blanket": "2024-06-13 20:52:38 +0000"
    },
    "done": true
  },
  "swem:recipes/misc/western_leg_wraps/western_leg_wraps_blue_from_leg_wraps": {
    "criteria": {
      "has_western_leg_wraps": "2024-06-13 20:52:38 +0000"
    },
    "done": true
  },
  "swem:recipes/misc/pasture_blanket/pasture_blanket_black_armored_from_blanket": {
    "criteria": {
      "has_pasture_blanket_armored": "2024-06-13 20:52:38 +0000"
    },
    "done": true
  },
  "swem:recipes/misc/english_blanket/english_blanket_light_blue_from_blanket": {
    "criteria": {
      "has_english_blanket": "2024-06-13 20:52:38 +0000"
    },
    "done": true
  },
  "swem:recipes/misc/english_leg_wraps/english_leg_wraps_cyan": {
    "criteria": {
      "has_english_leg_wraps": "2024-06-13 20:52:38 +0000"
    },
    "done": true
  },
  "swem:recipes/misc/pasture_blanket/pasture_blanket_gray_armored_from_blanket": {
    "criteria": {
      "has_pasture_blanket_armored": "2024-06-13 20:52:38 +0000"
    },
    "done": true
  },
  "swem:recipes/misc/pasture_blanket/pasture_blanket_armored_magenta": {
    "criteria": {
      "has_pasture_blanket_armored": "2024-06-13 20:52:38 +0000"
    },
    "done": true
  },
  "swem:recipes/misc/english_blanket/english_blanket_light_blue": {
    "criteria": {
      "has_english_blanket": "2024-06-13 20:52:38 +0000"
    },
    "done": true
  },
  "swem:recipes/misc/english_leg_wraps/english_leg_wraps_brown_from_leg_wraps": {
    "criteria": {
      "has_english_leg_wraps": "2024-06-13 20:52:38 +0000"
    },
    "done": true
  },
  "swem:recipes/misc/western_leg_wraps/western_leg_wraps_brown_from_leg_wraps": {
    "criteria": {
      "has_western_leg_wraps": "2024-06-13 20:52:38 +0000"
    },
    "done": true
  },
  "swem:recipes/misc/english_leg_wraps/english_leg_wraps_pink": {
    "criteria": {
      "has_english_leg_wraps": "2024-06-13 20:52:38 +0000"
    },
    "done": true
  },
  "swem:recipes/misc/pasture_blanket/pasture_blanket_armored_light_blue": {
    "criteria": {
      "has_pasture_blanket_armored": "2024-06-13 20:52:38 +0000"
    },
    "done": true
  },
  "swem:recipes/misc/pasture_blanket/pasture_blanket_light_blue": {
    "criteria": {
      "has_pasture_blanket": "2024-06-13 20:52:38 +0000"
    },
    "done": true
  },
  "swem:recipes/misc/western_leg_wraps/western_leg_wraps_green": {
    "criteria": {
      "has_western_leg_wraps": "2024-06-13 20:52:38 +0000"
    },
    "done": true
  },
  "swem:recipes/misc/pasture_blanket/pasture_blanket_gray": {
    "criteria": {
      "has_pasture_blanket": "2024-06-13 20:52:38 +0000"
    },
    "done": true
  },
  "swem:recipes/misc/english_leg_wraps/english_leg_wraps_magenta_from_leg_wraps": {
    "criteria": {
      "has_english_leg_wraps": "2024-06-13 20:52:38 +0000"
    },
    "done": true
  },
  "swem:recipes/misc/english_blanket/english_blanket_red_from_blanket": {
    "criteria": {
      "has_english_blanket": "2024-06-13 20:52:38 +0000"
    },
    "done": true
  },
  "swem:recipes/misc/pasture_blanket/pasture_blanket_armored_lime": {
    "criteria": {
      "has_pasture_blanket_armored": "2024-06-13 20:52:38 +0000"
    },
    "done": true
  },
  "swem:recipes/misc/english_blanket/english_blanket_green_from_blanket": {
    "criteria": {
      "has_english_blanket": "2024-06-13 20:52:38 +0000"
    },
    "done": true
  },
  "swem:recipes/misc/western_leg_wraps/western_leg_wraps_light_gray": {
    "criteria": {
      "has_western_leg_wraps": "2024-06-13 20:52:38 +0000"
    },
    "done": true
  },
  "swem:recipes/misc/pasture_blanket/pasture_blanket_red_armored_from_blanket": {
    "criteria": {
      "has_pasture_blanket_armored": "2024-06-13 20:52:38 +0000"
    },
    "done": true
  },
  "swem:recipes/misc/western_leg_wraps/western_leg_wraps_yellow_from_leg_wraps": {
    "criteria": {
      "has_western_leg_wraps": "2024-06-13 20:52:38 +0000"
    },
    "done": true
  },
  "swem:recipes/misc/english_leg_wraps/english_leg_wraps_black": {
    "criteria": {
      "has_english_leg_wraps": "2024-06-13 20:52:38 +0000"
    },
    "done": true
  },
  "swem:recipes/misc/western_leg_wraps/western_leg_wraps_lime_from_leg_wraps": {
    "criteria": {
      "has_western_leg_wraps": "2024-06-13 20:52:38 +0000"
    },
    "done": true
  },
  "swem:recipes/misc/english_leg_wraps/english_leg_wraps_blue": {
    "criteria": {
      "has_english_leg_wraps": "2024-06-13 20:52:38 +0000"
    },
    "done": true
  },
  "swem:recipes/misc/pasture_blanket/pasture_blanket_white_armored_from_blanket": {
    "criteria": {
      "has_pasture_blanket_armored": "2024-06-13 20:52:38 +0000"
    },
    "done": true
  },
  "swem:recipes/misc/pasture_blanket/pasture_blanket_pink": {
    "criteria": {
      "has_pasture_blanket": "2024-06-13 20:52:38 +0000"
    },
    "done": true
  },
  "swem:recipes/misc/horse_armor_cloth": {
    "criteria": {
      "has_any_carpet": "2024-06-13 20:52:38 +0000"
    },
    "done": true
  },
  "swem:recipes/misc/pasture_blanket/pasture_blanket_white": {
    "criteria": {
      "has_pasture_blanket": "2024-06-13 20:52:38 +0000"
    },
    "done": true
  },
  "swem:recipes/misc/western_leg_wraps/western_leg_wraps_yellow": {
    "criteria": {
      "has_western_leg_wraps": "2024-06-13 20:52:38 +0000"
    },
    "done": true
  },
  "swem:recipes/misc/pasture_blanket/pasture_blanket_armored_light_gray": {
    "criteria": {
      "has_pasture_blanket_armored": "2024-06-13 20:52:38 +0000"
    },
    "done": true
  },
  "swem:recipes/misc/pasture_blanket/pasture_blanket_armored_blue": {
    "criteria": {
      "has_pasture_blanket_armored": "2024-06-13 20:52:38 +0000"
    },
    "done": true
  },
  "swem:recipes/misc/english_leg_wraps/english_leg_wraps_brown": {
    "criteria": {
      "has_english_leg_wraps": "2024-06-13 20:52:38 +0000"
    },
    "done": true
  },
  "swem:recipes/misc/english_leg_wraps/english_leg_wraps_yellow": {
    "criteria": {
      "has_english_leg_wraps": "2024-06-13 20:52:38 +0000"
    },
    "done": true
  },
  "swem:recipes/misc/pasture_blanket/pasture_blanket_blue": {
    "criteria": {
      "has_pasture_blanket": "2024-06-13 20:52:38 +0000"
    },
    "done": true
  },
  "swem:recipes/misc/pasture_blanket/pasture_blanket_lime_armored_from_blanket": {
    "criteria": {
      "has_pasture_blanket_armored": "2024-06-13 20:52:38 +0000"
    },
    "done": true
  },
  "swem:recipes/misc/english_leg_wraps/english_leg_wraps_light_blue_from_leg_wraps": {
    "criteria": {
      "has_english_leg_wraps": "2024-06-13 20:52:38 +0000"
    },
    "done": true
  },
  "swem:recipes/misc/english_leg_wraps/english_leg_wraps_lime": {
    "criteria": {
      "has_english_leg_wraps": "2024-06-13 20:52:38 +0000"
    },
    "done": true
  },
  "swem:recipes/misc/english_blanket/english_blanket_pink_from_blanket": {
    "criteria": {
      "has_english_blanket": "2024-06-13 20:52:38 +0000"
    },
    "done": true
  },
  "swem:recipes/misc/pasture_blanket/pasture_blanket_blue_armored_from_blanket": {
    "criteria": {
      "has_pasture_blanket_armored": "2024-06-13 20:52:38 +0000"
    },
    "done": true
  },
  "swem:recipes/misc/english_blanket/english_blanket_purple": {
    "criteria": {
      "has_english_blanket": "2024-06-13 20:52:38 +0000"
    },
    "done": true
  },
  "swem:recipes/misc/english_leg_wraps/english_leg_wraps_lime_from_leg_wraps": {
    "criteria": {
      "has_english_leg_wraps": "2024-06-13 20:52:38 +0000"
    },
    "done": true
  },
  "swem:recipes/misc/english_blanket/english_blanket_gray_from_blanket": {
    "criteria": {
      "has_english_blanket": "2024-06-13 20:52:38 +0000"
    },
    "done": true
  },
  "swem:recipes/misc/pasture_blanket/pasture_blanket_armored_pink": {
    "criteria": {
      "has_pasture_blanket_armored": "2024-06-13 20:52:38 +0000"
    },
    "done": true
  },
  "swem:recipes/misc/western_leg_wraps/western_leg_wraps_gray": {
    "criteria": {
      "has_western_leg_wraps": "2024-06-13 20:52:38 +0000"
    },
    "done": true
  },
  "swem:recipes/misc/english_blanket/english_blanket_brown_from_blanket": {
    "criteria": {
      "has_english_blanket": "2024-06-13 20:52:38 +0000"
    },
    "done": true
  },
  "swem:recipes/misc/english_leg_wraps/english_leg_wraps_orange_from_leg_wraps": {
    "criteria": {
      "has_english_leg_wraps": "2024-06-13 20:52:38 +0000"
    },
    "done": true
  },
  "swem:recipes/misc/pasture_blanket/pasture_blanket_pink_armored_from_blanket": {
    "criteria": {
      "has_pasture_blanket_armored": "2024-06-13 20:52:38 +0000"
    },
    "done": true
  },
  "swem:recipes/misc/western_leg_wraps/western_leg_wraps_red": {
    "criteria": {
      "has_western_leg_wraps": "2024-06-13 20:52:38 +0000"
    },
    "done": true
  },
  "swem:recipes/misc/pasture_blanket/pasture_blanket_armored_white": {
    "criteria": {
      "has_pasture_blanket_armored": "2024-06-13 20:52:38 +0000"
    },
    "done": true
  },
  "swem:recipes/misc/pasture_blanket/pasture_blanket_armored_green": {
    "criteria": {
      "has_pasture_blanket_armored": "2024-06-13 20:52:38 +0000"
    },
    "done": true
  },
  "swem:recipes/misc/pasture_blanket/pasture_blanket_lime": {
    "criteria": {
      "has_pasture_blanket": "2024-06-13 20:52:38 +0000"
    },
    "done": true
  },
  "swem:recipes/misc/western_leg_wraps/western_leg_wraps_orange": {
    "criteria": {
      "has_western_leg_wraps": "2024-06-13 20:52:38 +0000"
    },
    "done": true
  },
  "swem:recipes/misc/western_leg_wraps/western_leg_wraps_black_from_leg_wraps": {
    "criteria": {
      "has_western_leg_wraps": "2024-06-13 20:52:38 +0000"
    },
    "done": true
  },
  "swem:recipes/misc/pasture_blanket/pasture_blanket_yellow_armored_from_blanket": {
    "criteria": {
      "has_pasture_blanket_armored": "2024-06-13 20:52:38 +0000"
    },
    "done": true
  },
  "swem:recipes/misc/western_leg_wraps/western_leg_wraps_magenta": {
    "criteria": {
      "has_western_leg_wraps": "2024-06-13 20:52:38 +0000"
    },
    "done": true
  },
  "swem:recipes/misc/english_leg_wraps/english_leg_wraps_green": {
    "criteria": {
      "has_english_leg_wraps": "2024-06-13 20:52:38 +0000"
    },
    "done": true
  },
  "swem:recipes/misc/english_blanket/english_blanket_yellow_from_blanket": {
    "criteria": {
      "has_english_blanket": "2024-06-13 20:52:38 +0000"
    },
    "done": true
  },
  "swem:recipes/misc/pasture_blanket/pasture_blanket_armored_cyan": {
    "criteria": {
      "has_pasture_blanket_armored": "2024-06-13 20:52:38 +0000"
    },
    "done": true
  },
  "swem:recipes/misc/english_leg_wraps/english_leg_wraps_white_from_leg_wraps": {
    "criteria": {
      "has_english_leg_wraps": "2024-06-13 20:52:38 +0000"
    },
    "done": true
  },
  "minecraft:story/iron_tools": {
    "criteria": {
      "iron_pickaxe": "2024-06-13 20:53:21 +0000"
    },
    "done": true
  },
  "minecraft:recipes/food/cooked_rabbit": {
    "criteria": {
      "has_rabbit": "2024-06-13 20:59:15 +0000"
    },
    "done": true
  },
  "minecraft:recipes/food/cooked_rabbit_from_smoking": {
    "criteria": {
      "has_rabbit": "2024-06-13 20:59:15 +0000"
    },
    "done": true
  },
  "minecraft:recipes/food/cooked_rabbit_from_campfire_cooking": {
    "criteria": {
      "has_rabbit": "2024-06-13 20:59:15 +0000"
    },
    "done": true
  },
  "rogcontinued:whiteironchunkadvancement": {
    "criteria": {
      "whiteironchunkadvancement": "2024-06-13 21:00:21 +0000"
    },
    "done": true
  },
  "rogcontinued:ironchunkadvancement": {
    "criteria": {
      "ironchunkadvancement": "2024-06-13 21:00:26 +0000"
    },
    "done": true
  },
  "minecraft:recipes/building_blocks/light_gray_concrete_powder": {
    "criteria": {
      "has_sand": "2024-06-13 21:01:29 +0000"
    },
    "done": true
  },
  "minecraft:recipes/building_blocks/pink_concrete_powder": {
    "criteria": {
      "has_sand": "2024-06-13 21:01:29 +0000"
    },
    "done": true
  },
  "minecraft:recipes/building_blocks/red_concrete_powder": {
    "criteria": {
      "has_sand": "2024-06-13 21:01:29 +0000"
    },
    "done": true
  },
  "minecraft:recipes/building_blocks/brown_concrete_powder": {
    "criteria": {
      "has_sand": "2024-06-13 21:01:29 +0000"
    },
    "done": true
  },
  "minecraft:recipes/building_blocks/light_blue_concrete_powder": {
    "criteria": {
      "has_sand": "2024-06-13 21:01:29 +0000"
    },
    "done": true
  },
  "minecraft:recipes/building_blocks/glass": {
    "criteria": {
      "has_smelts_to_glass": "2024-06-13 21:01:29 +0000"
    },
    "done": true
  },
  "minecraft:recipes/building_blocks/green_concrete_powder": {
    "criteria": {
      "has_sand": "2024-06-13 21:01:29 +0000"
    },
    "done": true
  },
  "minecraft:recipes/building_blocks/blue_concrete_powder": {
    "criteria": {
      "has_sand": "2024-06-13 21:01:29 +0000"
    },
    "done": true
  },
  "minecraft:recipes/building_blocks/white_concrete_powder": {
    "criteria": {
      "has_sand": "2024-06-13 21:01:29 +0000"
    },
    "done": true
  },
  "minecraft:recipes/building_blocks/lime_concrete_powder": {
    "criteria": {
      "has_sand": "2024-06-13 21:01:29 +0000"
    },
    "done": true
  },
  "minecraft:recipes/building_blocks/orange_concrete_powder": {
    "criteria": {
      "has_sand": "2024-06-13 21:01:29 +0000"
    },
    "done": true
  },
  "minecraft:recipes/building_blocks/magenta_concrete_powder": {
    "criteria": {
      "has_sand": "2024-06-13 21:01:29 +0000"
    },
    "done": true
  },
  "minecraft:recipes/building_blocks/yellow_concrete_powder": {
    "criteria": {
      "has_sand": "2024-06-13 21:01:29 +0000"
    },
    "done": true
  },
  "minecraft:recipes/building_blocks/sandstone": {
    "criteria": {
      "has_sand": "2024-06-13 21:01:29 +0000"
    },
    "done": true
  },
  "minecraft:recipes/building_blocks/gray_concrete_powder": {
    "criteria": {
      "has_sand": "2024-06-13 21:01:29 +0000"
    },
    "done": true
  },
  "minecraft:recipes/building_blocks/black_concrete_powder": {
    "criteria": {
      "has_sand": "2024-06-13 21:01:29 +0000"
    },
    "done": true
  },
  "minecraft:recipes/building_blocks/purple_concrete_powder": {
    "criteria": {
      "has_sand": "2024-06-13 21:01:29 +0000"
    },
    "done": true
  },
  "minecraft:recipes/building_blocks/cyan_concrete_powder": {
    "criteria": {
      "has_sand": "2024-06-13 21:01:29 +0000"
    },
    "done": true
  },
  "minecraft:recipes/building_blocks/mud_bricks": {
    "criteria": {
      "has_packed_mud": "2024-06-13 21:01:57 +0000"
    },
    "done": true
  },
  "minecraft:recipes/building_blocks/sandstone_slab": {
    "criteria": {
      "has_sandstone": "2024-06-13 21:04:53 +0000"
    },
    "done": true
  },
  "minecraft:recipes/building_blocks/smooth_sandstone": {
    "criteria": {
      "has_sandstone": "2024-06-13 21:04:53 +0000"
    },
    "done": true
  },
  "minecraft:recipes/decorations/sandstone_wall_from_sandstone_stonecutting": {
    "criteria": {
      "has_sandstone": "2024-06-13 21:04:53 +0000"
    },
    "done": true
  },
  "minecraft:recipes/building_blocks/cut_sandstone": {
    "criteria": {
      "has_sandstone": "2024-06-13 21:04:53 +0000"
    },
    "done": true
  },
  "minecraft:recipes/building_blocks/sandstone_stairs_from_sandstone_stonecutting": {
    "criteria": {
      "has_sandstone": "2024-06-13 21:04:53 +0000"
    },
    "done": true
  },
  "minecraft:recipes/building_blocks/sandstone_stairs": {
    "criteria": {
      "has_sandstone": "2024-06-13 21:04:53 +0000"
    },
    "done": true
  },
  "minecraft:recipes/building_blocks/cut_sandstone_from_sandstone_stonecutting": {
    "criteria": {
      "has_sandstone": "2024-06-13 21:04:53 +0000"
    },
    "done": true
  },
  "minecraft:recipes/building_blocks/chiseled_sandstone_from_sandstone_stonecutting": {
    "criteria": {
      "has_sandstone": "2024-06-13 21:04:53 +0000"
    },
    "done": true
  },
  "minecraft:recipes/building_blocks/cut_sandstone_slab_from_sandstone_stonecutting": {
    "criteria": {
      "has_sandstone": "2024-06-13 21:04:53 +0000"
    },
    "done": true
  },
  "minecraft:recipes/building_blocks/sandstone_slab_from_sandstone_stonecutting": {
    "criteria": {
      "has_sandstone": "2024-06-13 21:04:53 +0000"
    },
    "done": true
  },
  "minecraft:recipes/decorations/sandstone_wall": {
    "criteria": {
      "has_sandstone": "2024-06-13 21:04:53 +0000"
    },
    "done": true
  },
  "minecraft:husbandry/breed_an_animal": {
    "criteria": {
      "bred": "2024-06-13 21:06:40 +0000"
    },
    "done": true
  },
  "minecraft:husbandry/bred_all_animals": {
    "criteria": {
      "minecraft:cow": "2024-06-13 21:06:40 +0000"
    },
    "done": false
  },
  "minecraft:recipes/combat/leather_helmet": {
    "criteria": {
      "has_leather": "2024-06-13 21:07:35 +0000"
    },
    "done": true
  },
  "minecraft:recipes/combat/leather_leggings": {
    "criteria": {
      "has_leather": "2024-06-13 21:07:35 +0000"
    },
    "done": true
  },
  "minecraft:recipes/combat/leather_chestplate": {
    "criteria": {
      "has_leather": "2024-06-13 21:07:35 +0000"
    },
    "done": true
  },
  "swem:recipes/misc/leather_treated": {
    "criteria": {
      "has_leather": "2024-06-13 21:07:35 +0000"
    },
    "done": true
  },
  "minecraft:recipes/misc/leather_horse_armor": {
    "criteria": {
      "has_leather": "2024-06-13 21:07:35 +0000"
    },
    "done": true
  },
  "sophisticatedbackpacks:recipes/misc/backpack": {
    "criteria": {
      "has_leather": "2024-06-13 21:07:35 +0000"
    },
    "done": true
  },
  "minecraft:recipes/decorations/item_frame": {
    "criteria": {
      "has_leather": "2024-06-13 21:07:35 +0000"
    },
    "done": true
  },
  "sophisticatedbackpacks:recipes/misc/upgrade_base": {
    "criteria": {
      "has_leather": "2024-06-13 21:07:35 +0000"
    },
    "done": true
  },
  "minecraft:recipes/combat/leather_boots": {
    "criteria": {
      "has_leather": "2024-06-13 21:07:35 +0000"
    },
    "done": true
  },
  "minecraft:recipes/food/cooked_beef_from_smoking": {
    "criteria": {
      "has_beef": "2024-06-13 21:07:37 +0000"
    },
    "done": true
  },
  "minecraft:recipes/food/cooked_beef": {
    "criteria": {
      "has_beef": "2024-06-13 21:07:37 +0000"
    },
    "done": true
  },
  "minecraft:recipes/food/cooked_beef_from_campfire_cooking": {
    "criteria": {
      "has_beef": "2024-06-13 21:07:37 +0000"
    },
    "done": true
  },
  "minecraft:recipes/combat/diamond_leggings": {
    "criteria": {
      "has_diamond": "2024-06-13 21:09:48 +0000"
    },
    "done": true
  },
  "minecraft:recipes/combat/diamond_sword": {
    "criteria": {
      "has_diamond": "2024-06-13 21:09:48 +0000"
    },
    "done": true
  },
  "minecraft:recipes/decorations/jukebox": {
    "criteria": {
      "has_diamond": "2024-06-13 21:09:48 +0000"
    },
    "done": true
  },
  "minecraft:recipes/combat/diamond_chestplate": {
    "criteria": {
      "has_diamond": "2024-06-13 21:09:48 +0000"
    },
    "done": true
  },
  "minecraft:recipes/tools/diamond_pickaxe": {
    "criteria": {
      "has_diamond": "2024-06-13 21:09:48 +0000"
    },
    "done": true
  },
  "swem:recipes/misc/plate_diamond": {
    "criteria": {
      "has_ingredient": "2024-06-13 21:09:48 +0000"
    },
    "done": true
  },
  "minecraft:recipes/tools/diamond_hoe": {
    "criteria": {
      "has_diamond": "2024-06-13 21:09:48 +0000"
    },
    "done": true
  },
  "minecraft:recipes/tools/diamond_shovel": {
    "criteria": {
      "has_diamond": "2024-06-13 21:09:48 +0000"
    },
    "done": true
  },
  "minecraft:recipes/combat/diamond_boots": {
    "criteria": {
      "has_diamond": "2024-06-13 21:09:48 +0000"
    },
    "done": true
  },
  "swem:recipes/misc/rivet_diamond": {
    "criteria": {
      "has_ingredient": "2024-06-13 21:09:48 +0000"
    },
    "done": true
  },
  "minecraft:recipes/combat/diamond_helmet": {
    "criteria": {
      "has_diamond": "2024-06-13 21:09:48 +0000"
    },
    "done": true
  },
  "minecraft:recipes/building_blocks/diamond_block": {
    "criteria": {
      "has_diamond": "2024-06-13 21:09:48 +0000"
    },
    "done": true
  },
  "minecraft:story/mine_diamond": {
    "criteria": {
      "diamond": "2024-06-13 21:09:48 +0000"
    },
    "done": true
  },
  "minecraft:recipes/tools/diamond_axe": {
    "criteria": {
      "has_diamond": "2024-06-13 21:09:48 +0000"
    },
    "done": true
  },
  "minecraft:recipes/misc/red_dye_from_poppy": {
    "criteria": {
      "has_poppy": "2024-06-13 21:11:36 +0000"
    },
    "done": true
  },
  "swem:recipes/misc/vet_check_bag": {
    "criteria": {
      "has_poppy": "2024-06-13 21:11:36 +0000"
    },
    "done": true
  },
  "mca:recipes/misc/bouquet": {
    "criteria": {
      "has_item": "2024-06-13 21:11:36 +0000"
    },
    "done": true
  },
  "minecraft:recipes/food/beetroot_soup": {
    "criteria": {
      "has_beetroot": "2024-06-13 21:11:37 +0000"
    },
    "done": true
  },
  "minecraft:recipes/misc/red_dye_from_beetroot": {
    "criteria": {
      "has_beetroot": "2024-06-13 21:11:37 +0000"
    },
    "done": true
  },
  "swem:recipes/misc/bin_grain_white": {
    "criteria": {
      "has_chest": "2024-06-13 21:11:38 +0000"
    },
    "done": true
  },
  "swem:recipes/misc/bin_grain_spruce": {
    "criteria": {
      "has_chest": "2024-06-13 21:11:38 +0000"
    },
    "done": true
  },
  "swem:recipes/misc/bin_grain_purple": {
    "criteria": {
      "has_chest": "2024-06-13 21:11:38 +0000"
    },
    "done": true
  },
  "swem:recipes/misc/bin_grain_light_blue": {
    "criteria": {
      "has_chest": "2024-06-13 21:11:38 +0000"
    },
    "done": true
  },
  "swem:recipes/misc/bin_grain_yellow": {
    "criteria": {
      "has_chest": "2024-06-13 21:11:38 +0000"
    },
    "done": true
  },
  "swem:recipes/misc/bin_grain_cyan": {
    "criteria": {
      "has_chest": "2024-06-13 21:11:38 +0000"
    },
    "done": true
  },
  "swem:recipes/misc/bin_grain_jungle": {
    "criteria": {
      "has_chest": "2024-06-13 21:11:38 +0000"
    },
    "done": true
  },
  "swem:recipes/misc/bin_grain_orange": {
    "criteria": {
      "has_chest": "2024-06-13 21:11:38 +0000"
    },
    "done": true
  },
  "swem:recipes/misc/bin_grain_dark_oak": {
    "criteria": {
      "has_chest": "2024-06-13 21:11:38 +0000"
    },
    "done": true
  },
  "swem:recipes/misc/bin_grain_warped": {
    "criteria": {
      "has_chest": "2024-06-13 21:11:38 +0000"
    },
    "done": true
  },
  "swem:recipes/misc/bin_grain_brown": {
    "criteria": {
      "has_chest": "2024-06-13 21:11:38 +0000"
    },
    "done": true
  },
  "swem:recipes/misc/bin_grain_lime": {
    "criteria": {
      "has_chest": "2024-06-13 21:11:38 +0000"
    },
    "done": true
  },
  "swem:recipes/misc/bin_grain_blue": {
    "criteria": {
      "has_chest": "2024-06-13 21:11:38 +0000"
    },
    "done": true
  },
  "swem:recipes/misc/bin_grain_red": {
    "criteria": {
      "has_chest": "2024-06-13 21:11:38 +0000"
    },
    "done": true
  },
  "swem:recipes/misc/bin_grain_acacia": {
    "criteria": {
      "has_chest": "2024-06-13 21:11:38 +0000"
    },
    "done": true
  },
  "swem:recipes/misc/bin_grain_birch": {
    "criteria": {
      "has_chest": "2024-06-13 21:11:38 +0000"
    },
    "done": true
  },
  "swem:recipes/misc/bin_grain_pink": {
    "criteria": {
      "has_chest": "2024-06-13 21:11:38 +0000"
    },
    "done": true
  },
  "swem:recipes/misc/bin_grain_crimson": {
    "criteria": {
      "has_chest": "2024-06-13 21:11:38 +0000"
    },
    "done": true
  },
  "swem:recipes/misc/bin_grain_gray": {
    "criteria": {
      "has_chest": "2024-06-13 21:11:38 +0000"
    },
    "done": true
  },
  "swem:recipes/misc/bin_grain_black": {
    "criteria": {
      "has_chest": "2024-06-13 21:11:38 +0000"
    },
    "done": true
  },
  "swem:recipes/misc/bin_grain_magenta": {
    "criteria": {
      "has_chest": "2024-06-13 21:11:38 +0000"
    },
    "done": true
  },
  "swem:recipes/misc/bin_grain_light_gray": {
    "criteria": {
      "has_chest": "2024-06-13 21:11:38 +0000"
    },
    "done": true
  },
  "swem:recipes/misc/bin_grain_oak": {
    "criteria": {
      "has_chest": "2024-06-13 21:11:38 +0000"
    },
    "done": true
  },
  "swem:recipes/misc/bin_grain_green": {
    "criteria": {
      "has_chest": "2024-06-13 21:11:38 +0000"
    },
    "done": true
  },
  "sophisticatedbackpacks:recipes/misc/copper_backpack": {
    "criteria": {
      "has_backpack": "2024-06-13 21:11:59 +0000"
    },
    "done": true
  },
  "sophisticatedbackpacks:recipes/misc/iron_backpack": {
    "criteria": {
      "has_backpack": "2024-06-13 21:11:59 +0000"
    },
    "done": true
  },
  "sophisticatedbackpacks:recipes/misc/gold_backpack": {
    "criteria": {
      "has_iron_backpack": "2024-06-13 21:12:42 +0000"
    },
    "done": true
  },
  "sophisticatedbackpacks:recipes/misc/diamond_backpack": {
    "criteria": {
      "has_gold_backpack": "2024-06-13 21:12:49 +0000"
    },
    "done": true
  },
  "rogcontinued:crystalchunkadvancement": {
    "criteria": {
      "crystalchunkadvancement": "2024-06-13 21:19:00 +0000"
    },
    "done": true
  },
  "smallships:recipes/transportation/bamboo_galley": {
    "criteria": {
      "in_water": "2024-06-13 21:19:57 +0000"
    },
    "done": true
  },
  "smallships:recipes/transportation/oak_brigg": {
    "criteria": {
      "in_water": "2024-06-13 21:19:57 +0000"
    },
    "done": true
  },
  "smallships:recipes/transportation/bamboo_cog": {
    "criteria": {
      "in_water": "2024-06-13 21:19:57 +0000"
    },
    "done": true
  },
  "smallships:recipes/transportation/spruce_cog": {
    "criteria": {
      "in_water": "2024-06-13 21:19:57 +0000"
    },
    "done": true
  },
  "smallships:recipes/transportation/acacia_cog": {
    "criteria": {
      "in_water": "2024-06-13 21:19:57 +0000"
    },
    "done": true
  },
  "smallships:recipes/transportation/jungle_cog": {
    "criteria": {
      "in_water": "2024-06-13 21:19:57 +0000"
    },
    "done": true
  },
  "smallships:recipes/transportation/dark_oak_brigg": {
    "criteria": {
      "in_water": "2024-06-13 21:19:57 +0000"
    },
    "done": true
  },
  "smallships:recipes/transportation/birch_galley": {
    "criteria": {
      "in_water": "2024-06-13 21:19:57 +0000"
    },
    "done": true
  },
  "minecraft:recipes/transportation/cherry_boat": {
    "criteria": {
      "in_water": "2024-06-13 21:19:57 +0000"
    },
    "done": true
  },
  "smallships:recipes/transportation/oak_cog": {
    "criteria": {
      "in_water": "2024-06-13 21:19:57 +0000"
    },
    "done": true
  },
  "smallships:recipes/transportation/oak_drakkar": {
    "criteria": {
      "in_water": "2024-06-13 21:19:57 +0000"
    },
    "done": true
  },
  "minecraft:recipes/transportation/bamboo_raft": {
    "criteria": {
      "in_water": "2024-06-13 21:19:57 +0000"
    },
    "done": true
  },
  "smallships:recipes/transportation/oak_galley": {
    "criteria": {
      "in_water": "2024-06-13 21:19:57 +0000"
    },
    "done": true
  },
  "smallships:recipes/transportation/mangrove_brigg": {
    "criteria": {
      "in_water": "2024-06-13 21:19:57 +0000"
    },
    "done": true
  },
  "minecraft:recipes/transportation/spruce_boat": {
    "criteria": {
      "in_water": "2024-06-13 21:19:57 +0000"
    },
    "done": true
  },
  "smallships:recipes/transportation/acacia_brigg": {
    "criteria": {
      "in_water": "2024-06-13 21:19:57 +0000"
    },
    "done": true
  },
  "minecraft:recipes/transportation/birch_boat": {
    "criteria": {
      "in_water": "2024-06-13 21:19:57 +0000"
    },
    "done": true
  },
  "smallships:recipes/transportation/jungle_brigg": {
    "criteria": {
      "in_water": "2024-06-13 21:19:57 +0000"
    },
    "done": true
  },
  "minecraft:recipes/transportation/oak_boat": {
    "criteria": {
      "in_water": "2024-06-13 21:19:57 +0000"
    },
    "done": true
  },
  "smallships:recipes/transportation/mangrove_galley": {
    "criteria": {
      "in_water": "2024-06-13 21:19:57 +0000"
    },
    "done": true
  },
  "smallships:recipes/transportation/spruce_galley": {
    "criteria": {
      "in_water": "2024-06-13 21:19:57 +0000"
    },
    "done": true
  },
  "smallships:recipes/transportation/dark_oak_cog": {
    "criteria": {
      "in_water": "2024-06-13 21:19:57 +0000"
    },
    "done": true
  },
  "smallships:recipes/transportation/birch_drakkar": {
    "criteria": {
      "in_water": "2024-06-13 21:19:57 +0000"
    },
    "done": true
  },
  "smallships:recipes/transportation/birch_cog": {
    "criteria": {
      "in_water": "2024-06-13 21:19:57 +0000"
    },
    "done": true
  },
  "minecraft:recipes/transportation/mangrove_boat": {
    "criteria": {
      "in_water": "2024-06-13 21:19:57 +0000"
    },
    "done": true
  },
  "smallships:recipes/transportation/mangrove_drakkar": {
    "criteria": {
      "in_water": "2024-06-13 21:19:57 +0000"
    },
    "done": true
  },
  "smallships:recipes/transportation/dark_oak_drakkar": {
    "criteria": {
      "in_water": "2024-06-13 21:19:57 +0000"
    },
    "done": true
  },
  "smallships:recipes/misc/sail": {
    "criteria": {
      "in_water": "2024-06-13 21:19:57 +0000"
    },
    "done": true
  },
  "smallships:recipes/transportation/jungle_drakkar": {
    "criteria": {
      "in_water": "2024-06-13 21:19:57 +0000"
    },
    "done": true
  },
  "smallships:recipes/transportation/birch_brigg": {
    "criteria": {
      "in_water": "2024-06-13 21:19:57 +0000"
    },
    "done": true
  },
  "smallships:recipes/transportation/acacia_drakkar": {
    "criteria": {
      "in_water": "2024-06-13 21:19:57 +0000"
    },
    "done": true
  },
  "smallships:recipes/transportation/cherry_galley": {
    "criteria": {
      "in_water": "2024-06-13 21:19:57 +0000"
    },
    "done": true
  },
  "smallships:recipes/transportation/acacia_galley": {
    "criteria": {
      "in_water": "2024-06-13 21:19:57 +0000"
    },
    "done": true
  },
  "minecraft:recipes/transportation/acacia_boat": {
    "criteria": {
      "in_water": "2024-06-13 21:19:57 +0000"
    },
    "done": true
  },
  "smallships:recipes/transportation/cherry_brigg": {
    "criteria": {
      "in_water": "2024-06-13 21:19:57 +0000"
    },
    "done": true
  },
  "smallships:recipes/transportation/spruce_brigg": {
    "criteria": {
      "in_water": "2024-06-13 21:19:57 +0000"
    },
    "done": true
  },
  "smallships:recipes/transportation/jungle_galley": {
    "criteria": {
      "in_water": "2024-06-13 21:19:57 +0000"
    },
    "done": true
  },
  "smallships:recipes/transportation/dark_oak_galley": {
    "criteria": {
      "in_water": "2024-06-13 21:19:57 +0000"
    },
    "done": true
  },
  "smallships:recipes/transportation/bamboo_brigg": {
    "criteria": {
      "in_water": "2024-06-13 21:19:57 +0000"
    },
    "done": true
  },
  "smallships:recipes/transportation/spruce_drakkar": {
    "criteria": {
      "in_water": "2024-06-13 21:19:57 +0000"
    },
    "done": true
  },
  "smallships:recipes/transportation/mangrove_cog": {
    "criteria": {
      "in_water": "2024-06-13 21:19:57 +0000"
    },
    "done": true
  },
  "smallships:recipes/transportation/cherry_cog": {
    "criteria": {
      "in_water": "2024-06-13 21:19:57 +0000"
    },
    "done": true
  },
  "minecraft:recipes/transportation/jungle_boat": {
    "criteria": {
      "in_water": "2024-06-13 21:19:57 +0000"
    },
    "done": true
  },
  "minecraft:recipes/transportation/dark_oak_boat": {
    "criteria": {
      "in_water": "2024-06-13 21:19:57 +0000"
    },
    "done": true
  },
  "minecraft:recipes/redstone/lever": {
    "criteria": {
      "has_cobblestone": "2024-06-13 21:21:33 +0000"
    },
    "done": true
  },
  "minecraft:recipes/combat/stone_sword": {
    "criteria": {
      "has_cobblestone": "2024-06-13 21:21:33 +0000"
    },
    "done": true
  },
  "minecraft:recipes/decorations/cobblestone_wall": {
    "criteria": {
      "has_cobblestone": "2024-06-13 21:21:33 +0000"
    },
    "done": true
  },
  "minecraft:recipes/tools/stone_axe": {
    "criteria": {
      "has_cobblestone": "2024-06-13 21:21:33 +0000"
    },
    "done": true
  },
  "minecraft:story/mine_stone": {
    "criteria": {
      "get_stone": "2024-06-13 21:21:33 +0000"
    },
    "done": true
  },
  "minecraft:recipes/decorations/furnace": {
    "criteria": {
      "has_cobblestone": "2024-06-13 21:21:33 +0000"
    },
    "done": true
  },
  "minecraft:recipes/building_blocks/cobblestone_slab_from_cobblestone_stonecutting": {
    "criteria": {
      "has_cobblestone": "2024-06-13 21:21:33 +0000"
    },
    "done": true
  },
  "minecraft:recipes/building_blocks/stone": {
    "criteria": {
      "has_cobblestone": "2024-06-13 21:21:33 +0000"
    },
    "done": true
  },
  "minecraft:recipes/tools/stone_pickaxe": {
    "criteria": {
      "has_cobblestone": "2024-06-13 21:21:33 +0000"
    },
    "done": true
  },
  "minecraft:recipes/building_blocks/cobblestone_slab": {
    "criteria": {
      "has_cobblestone": "2024-06-13 21:21:33 +0000"
    },
    "done": true
  },
  "mca:recipes/building_blocks/headstones": {
    "criteria": {
      "has_ingredients": "2024-06-13 21:21:33 +0000"
    },
    "done": true
  },
  "minecraft:recipes/decorations/cobblestone_wall_from_cobblestone_stonecutting": {
    "criteria": {
      "has_cobblestone": "2024-06-13 21:21:33 +0000"
    },
    "done": true
  },
  "minecraft:recipes/building_blocks/cobblestone_stairs_from_cobblestone_stonecutting": {
    "criteria": {
      "has_cobblestone": "2024-06-13 21:21:33 +0000"
    },
    "done": true
  },
  "minecraft:recipes/building_blocks/cobblestone_stairs": {
    "criteria": {
      "has_cobblestone": "2024-06-13 21:21:33 +0000"
    },
    "done": true
  },
  "minecraft:recipes/tools/stone_hoe": {
    "criteria": {
      "has_cobblestone": "2024-06-13 21:21:33 +0000"
    },
    "done": true
  },
  "minecraft:recipes/tools/stone_shovel": {
    "criteria": {
      "has_cobblestone": "2024-06-13 21:21:33 +0000"
    },
    "done": true
  },
  "minecraft:recipes/decorations/spruce_sign": {
    "criteria": {
      "has_planks": "2024-06-13 21:24:12 +0000"
    },
    "done": true
  },
  "minecraft:recipes/misc/stick": {
    "criteria": {
      "has_planks": "2024-06-13 21:24:12 +0000"
    },
    "done": true
  },
  "minecraft:recipes/decorations/spruce_fence": {
    "criteria": {
      "has_planks": "2024-06-13 21:24:12 +0000"
    },
    "done": true
  },
  "minecraft:recipes/building_blocks/spruce_slab": {
    "criteria": {
      "has_planks": "2024-06-13 21:24:12 +0000"
    },
    "done": true
  },
  "minecraft:recipes/redstone/spruce_button": {
    "criteria": {
      "has_planks": "2024-06-13 21:24:12 +0000"
    },
    "done": true
  },
  "minecraft:recipes/redstone/spruce_pressure_plate": {
    "criteria": {
      "has_planks": "2024-06-13 21:24:12 +0000"
    },
    "done": true
  },
  "minecraft:recipes/redstone/spruce_trapdoor": {
    "criteria": {
      "has_planks": "2024-06-13 21:24:12 +0000"
    },
    "done": true
  },
  "minecraft:recipes/redstone/spruce_door": {
    "criteria": {
      "has_planks": "2024-06-13 21:24:12 +0000"
    },
    "done": true
  },
  "minecraft:recipes/redstone/spruce_fence_gate": {
    "criteria": {
      "has_planks": "2024-06-13 21:24:12 +0000"
    },
    "done": true
  },
  "minecraft:recipes/decorations/barrel": {
    "criteria": {
      "has_planks": "2024-06-13 21:24:12 +0000"
    },
    "done": true
  },
  "minecraft:recipes/building_blocks/spruce_stairs": {
    "criteria": {
      "has_planks": "2024-06-13 21:24:12 +0000"
    },
    "done": true
  },
  "minecraft:recipes/misc/charcoal": {
    "criteria": {
      "has_log": "2024-06-13 21:24:48 +0000"
    },
    "done": true
  },
  "minecraft:recipes/building_blocks/oak_planks": {
    "criteria": {
      "has_logs": "2024-06-13 21:24:48 +0000"
    },
    "done": true
  },
  "minecraft:recipes/building_blocks/oak_wood": {
    "criteria": {
      "has_log": "2024-06-13 21:24:48 +0000"
    },
    "done": true
  },
  "minecraft:recipes/decorations/oak_sign": {
    "criteria": {
      "has_planks": "2024-06-13 21:25:02 +0000"
    },
    "done": true
  },
  "minecraft:recipes/redstone/oak_trapdoor": {
    "criteria": {
      "has_planks": "2024-06-13 21:25:02 +0000"
    },
    "done": true
  },
  "minecraft:recipes/building_blocks/oak_stairs": {
    "criteria": {
      "has_planks": "2024-06-13 21:25:02 +0000"
    },
    "done": true
  },
  "minecraft:recipes/decorations/oak_fence": {
    "criteria": {
      "has_planks": "2024-06-13 21:25:02 +0000"
    },
    "done": true
  },
  "minecraft:recipes/redstone/oak_button": {
    "criteria": {
      "has_planks": "2024-06-13 21:25:02 +0000"
    },
    "done": true
  },
  "minecraft:recipes/building_blocks/oak_slab": {
    "criteria": {
      "has_planks": "2024-06-13 21:25:02 +0000"
    },
    "done": true
  },
  "minecraft:recipes/redstone/oak_fence_gate": {
    "criteria": {
      "has_planks": "2024-06-13 21:25:02 +0000"
    },
    "done": true
  },
  "minecraft:recipes/redstone/oak_pressure_plate": {
    "criteria": {
      "has_planks": "2024-06-13 21:25:02 +0000"
    },
    "done": true
  },
  "minecraft:recipes/redstone/oak_door": {
    "criteria": {
      "has_planks": "2024-06-13 21:25:02 +0000"
    },
    "done": true
  },
  "rogcontinued:stoneswordadvancement": {
    "criteria": {
      "stoneswordadvancement": "2024-06-13 21:25:06 +0000"
    },
    "done": true
  },
  "minecraft:adventure/sleep_in_bed": {
    "criteria": {
      "slept_in_bed": "2024-06-13 21:25:54 +0000"
    },
    "done": true
  },
  "minecraft:husbandry/tame_an_animal": {
    "criteria": {
      "tamed_animal": "2024-06-13 22:03:45 +0000"
    },
    "done": true
  },
  "minecraft:recipes/misc/melon_seeds": {
    "criteria": {
      "has_melon": "2024-06-13 22:43:02 +0000"
    },
    "done": true
  },
  "minecraft:story/obtain_armor": {
    "criteria": {
      "iron_leggings": "2024-06-13 23:04:00 +0000"
    },
    "done": true
  },
  "minecraft:recipes/brewing/glistering_melon_slice": {
    "criteria": {
      "has_melon": "2024-06-13 22:43:02 +0000"
    },
    "done": true
  },
  "minecraft:recipes/brewing/fermented_spider_eye": {
    "criteria": {
      "has_spider_eye": "2024-06-13 22:55:21 +0000"
    },
    "done": true
  },
  "minecraft:recipes/building_blocks/melon": {
    "criteria": {
      "has_melon": "2024-06-13 22:43:02 +0000"
    },
    "done": true
  },
  "minecraft:recipes/food/dried_kelp": {
    "criteria": {
      "has_dried_kelp_block": "2024-06-13 22:57:36 +0000"
    },
    "done": true
  },
  "DataVersion": 3465
}